entry_atr_period,entry_stop_atr_rate,stop_atr_period,stop_loss_atr_rate,trailing_stop_atr_rate,take_profit_atr_period,take_profit_atr_rate,slow_ma_period,max_day_attempts,astro_signal_trend_period,astro_signal_shift_hour,enable_astro_signal,enable_moon_zodsign_filter,score
39,0.4,13,3.3,4.1,47,9,34,2,5,7,0,0,0.0001
39,0.1,40,1.5,14.0,44,10,24,2,2,9,0,1,0.0001
49,0.8,20,1.4,9.3,18,6,40,3,1,21,1,0,0.4351161342880159
14,0.7,18,1.3,17.2,13,2,83,3,1,3,1,1,0.2779546527631451
46,0.9,13,3.9,13.9,10,7,76,5,5,10,1,1,0.0001
34,0.6,49,3.3,3.4,23,8,98,2,3,21,1,1,0.0001
46,0.4,15,3.0,5.5,22,3,74,3,3,6,1,1,0.0157530960030594
30,0.5,30,3.0,10.5,30,6,55,3,3,11,0,0,0.0001
30,0.5,30,3.0,10.5,30,6,55,3,3,11,0,0,0.0001
30,0.5,30,3.0,10.5,30,6,55,3,3,11,0,0,0.0001
43,0.7,27,1.2,8.9,49,5,94,1,1,4,1,1,0.032823389003168
42,0.2,47,3.6,13.9,24,9,22,4,3,22,0,1,0.0201717339689102
10,1.0,38,1.5,8.9,27,6,51,4,4,4,1,1,0.0093968950520355
37,0.5,20,3.9,2.2,46,2,85,1,3,5,0,1,0.0263342766732998
50,0.4,25,2.5,16.5,40,7,63,4,4,16,1,1,0.0078761622531464
33,0.6,39,1.5,9.1,42,6,21,4,1,23,1,0,0.036204117195334
49,0.4,23,3.1,14.4,30,10,20,5,4,18,0,1,0.0001
25,1.0,21,3.2,2.1,19,6,79,3,3,3,1,0,0.0157184987277874
10,0.2,49,2.7,14.1,28,10,88,4,1,17,0,0,0.0001
50,0.1,10,5.0,1.0,50,10,10,5,5,23,0,1,0.0001
10,1.0,50,1.0,1.0,50,10,10,5,1,0,1,1,0.0001
10,1.0,50,5.0,1.0,50,2,100,1,1,0,1,1,0.0001
50,0.1,10,1.0,1.0,50,10,100,5,1,0,1,1,0.0001
50,0.1,50,5.0,20.0,10,2,100,5,5,0,0,0,0.0200058491883891
50,1.0,10,1.0,20.0,50,10,10,1,1,0,1,1,0.0238962484154044
50,0.1,10,5.0,1.0,50,2,10,5,1,0,1,0,0.0001
50,0.1,10,1.0,1.0,10,10,100,5,1,0,0,0,0.0001
50,1.0,10,5.0,1.0,50,10,10,1,5,23,1,0,0.0001
10,1.0,10,1.0,20.0,10,2,10,5,5,0,1,0,0.0156850199648861
10,1.0,10,5.0,20.0,50,10,100,5,1,23,1,1,0.0134280930641685
50,0.1,50,5.0,20.0,50,2,10,1,1,0,1,0,0.0001
30,1.0,30,3.0,20.0,10,2,55,3,5,11,0,0,0.0001
14,0.6,39,1.3,9.1,13,2,83,3,1,23,1,1,0.0145958386161045
29,0.5,29,3.1,11.2,31,6,55,3,3,11,0,0,0.0001
50,1.0,50,5.0,1.0,50,2,10,1,5,0,1,0,0.0001
15,0.7,21,1.3,16.8,13,2,84,3,1,2,1,1,0.0155792683019172
45,0.2,45,3.4,13.9,23,9,25,4,3,22,0,1,0.0001
39,0.2,39,1.5,13.4,43,10,28,2,2,9,0,1,0.0221617827833203
49,0.5,30,3.0,10.5,30,10,20,5,4,11,0,1,0.0001
11,1.0,38,1.7,9.3,27,6,52,4,4,3,1,1,0.0074575152892857
45,0.9,13,4.1,14.4,10,7,68,5,5,9,1,1,0.0001
42,0.6,47,3.6,3.4,24,8,98,4,3,22,0,1,0.012942695882083
12,0.2,49,2.6,13.8,28,10,92,4,1,17,0,0,0.0001
50,1.0,10,4.9,2.0,50,10,14,1,5,22,1,0,0.0001
50,0.4,10,5.0,14.4,50,10,10,5,4,23,0,1,0.0103098127373692
37,0.5,20,3.8,1.8,48,2,84,1,3,5,0,1,0.0001
46,1.0,50,3.0,1.0,50,10,10,5,3,0,1,1,0.0001
50,0.2,47,2.5,16.5,24,7,22,4,3,16,0,1,0.0001
37,0.5,20,3.8,2.6,46,2,84,1,3,6,0,1,0.0177642186479618
33,0.1,39,1.5,9.1,42,10,100,5,1,23,0,0,0.0231033409594516
50,0.1,10,1.0,1.0,49,10,100,5,1,0,1,1,0.0001
41,0.3,47,3.6,13.9,23,9,25,4,3,21,0,1,0.0001
50,1.0,21,3.2,2.1,19,10,79,3,5,3,1,0,0.0107726515859815
14,0.4,18,3.0,17.2,22,3,83,3,1,6,1,1,0.0147053518542692
50,1.0,25,1.0,16.5,40,7,63,5,4,16,1,0,0.0145403823121119
36,0.4,46,1.3,7.9,21,7,47,3,4,8,1,0,0.0175537313303817
25,0.5,30,3.0,10.5,19,6,79,3,3,3,1,0,0.0182077246322656
24,0.4,26,2.3,14.1,25,2,80,1,5,7,0,1,0.0001
50,0.1,11,1.2,1.2,50,10,99,5,1,0,1,1,0.0001
10,0.9,13,5.0,13.9,50,2,100,5,5,0,1,1,0.0001
12,1.0,38,1.7,8.7,28,6,50,4,4,4,1,1,0.0079847713882474
41,0.2,48,3.7,14.5,23,9,26,4,3,22,0,1,0.0001
41,0.7,28,1.0,9.0,48,5,89,1,1,5,1,1,0.0133075556905442
49,0.1,10,1.1,1.0,10,10,100,5,1,0,0,0,0.0001
30,0.5,30,3.1,10.0,30,6,52,3,3,11,0,0,0.0001
26,1.0,21,3.2,2.5,19,6,73,3,3,1,1,0,0.0001
10,0.6,39,1.0,9.1,42,6,10,4,1,23,1,0,0.0001
50,0.1,10,4.9,1.0,49,2,10,5,1,0,1,0,0.0001
28,0.5,29,3.3,10.8,29,6,59,3,3,11,0,0,0.0001
46,0.9,12,4.0,13.6,10,7,78,5,5,11,1,1,0.0001
12,0.7,19,1.1,17.1,13,2,85,3,1,3,1,1,0.0143806685720792
49,0.1,23,3.1,14.4,30,10,10,5,1,18,0,0,0.0001
50,0.1,49,5.0,20.0,10,2,100,5,5,1,0,0,0.0173495002353827
49,1.0,10,5.0,1.3,50,10,12,1,5,22,1,0,0.0132387079549793
10,1.0,49,2.7,14.1,27,10,51,4,1,17,0,1,0.0180327309386235
35,0.6,48,3.3,3.5,23,8,96,2,3,21,1,1,0.0072755944026437
10,1.0,49,5.0,1.4,50,2,100,1,1,0,1,1,0.012025058435534
49,0.1,11,5.0,1.0,50,2,11,5,1,0,1,0,0.0001
10,0.6,10,5.0,20.0,42,6,21,4,1,23,1,0,0.0171608228659866
43,0.7,25,1.0,8.9,50,5,93,1,1,3,1,1,0.0136744106121196
50,0.8,25,2.5,16.5,18,7,63,3,4,21,1,1,0.0001
32,0.6,37,1.4,9.7,42,6,24,4,1,22,1,0,0.018554392232456
37,1.0,21,3.9,2.2,46,6,79,1,3,5,0,1,0.0001
10,0.2,50,2.7,14.4,28,10,91,4,1,17,0,0,0.0001
30,0.4,25,3.0,10.5,40,7,63,3,4,11,1,1,0.0084115675409999
25,0.1,50,3.2,2.1,19,2,79,1,1,3,1,0,0.0171302820115606
49,0.1,23,5.0,14.4,30,2,10,5,4,18,0,0,0.0001
10,1.0,50,1.0,1.3,50,10,10,5,1,0,1,1,0.0001
10,1.0,50,4.9,1.4,50,2,99,1,1,0,1,1,0.0001
50,0.4,24,3.3,14.8,28,9,20,5,4,17,0,1,0.0001
48,0.4,18,2.9,6.4,21,3,74,3,3,6,1,1,0.0090497036934023
29,0.4,30,3.1,9.9,30,6,56,3,3,12,0,0,0.0001
49,1.0,10,5.0,1.3,50,10,10,1,5,22,1,0,0.0134893144634209
50,0.5,30,3.0,20.0,10,2,55,5,5,11,0,0,0.0001
50,0.6,25,2.5,3.4,23,8,63,4,4,21,1,1,0.0001
10,1.0,50,4.9,1.0,50,2,100,1,1,0,1,1,0.0001
14,0.6,39,1.5,17.2,13,2,21,3,1,23,1,1,0.0001
30,0.5,29,3.0,10.3,30,6,50,3,3,11,0,0,0.0164335020583499
33,0.6,50,3.3,4.7,25,8,94,2,3,21,1,1,0.0072523873308374
36,1.0,38,1.3,7.9,27,6,47,4,4,8,1,1,0.0084467554305462
25,0.5,21,3.9,2.2,46,2,85,1,3,5,0,0,0.0175360624241103
10,1.0,12,1.1,19.9,10,2,10,5,5,0,1,0,0.0156659229477347
50,0.1,50,5.0,20.0,10,10,100,5,1,0,0,0,0.0001
46,0.1,50,5.0,13.9,10,2,10,1,5,0,1,1,0.0001
10,1.0,50,1.0,1.0,48,10,10,5,1,0,1,1,0.0001
50,0.5,25,3.0,10.5,30,6,63,4,4,16,1,0,0.0140933211678389
49,0.9,13,3.9,13.9,10,7,76,1,5,10,1,0,0.0129164650539969
50,0.1,50,4.8,19.3,10,2,96,5,5,0,0,0,0.0166392297841909
49,1.0,10,1.0,20.0,18,2,40,5,1,0,1,0,0.016449651870527
50,1.0,10,3.2,2.1,19,6,10,3,1,3,1,0,0.0001
30,0.5,31,2.8,10.3,30,6,54,3,3,11,0,0,0.0001
50,0.1,10,5.0,1.0,50,10,10,5,5,23,1,1,0.0001
50,0.1,11,1.1,2.5,11,10,100,5,1,1,0,0,0.0001
50,0.7,27,1.2,8.9,49,5,10,1,1,0,1,1,0.0163441893545962
48,0.8,18,1.5,9.8,19,6,40,3,1,21,1,0,0.0174612796727673
36,0.4,38,3.0,7.9,22,6,47,4,4,8,1,1,0.0089138280912318
46,0.9,13,3.8,14.2,13,8,76,5,5,10,1,1,0.0001
50,0.1,12,5.0,1.1,50,2,10,5,1,0,1,0,0.0001
12,1.0,50,1.1,2.3,48,10,12,5,1,0,1,1,0.016705673851747
49,0.1,10,5.0,2.0,50,2,10,5,1,1,1,0,0.0001
10,1.0,49,4.9,1.0,50,2,100,1,1,0,1,1,0.0001
46,1.0,38,3.0,5.5,27,6,74,4,4,4,1,1,0.0072164483843368
39,0.5,19,4.0,2.7,45,2,90,1,3,5,0,1,0.0169331597321618
14,0.4,10,2.8,6.9,11,9,84,2,5,18,1,0,0.0121205145001054
36,1.0,38,1.3,7.9,27,7,47,4,4,8,1,0,0.0148338123857937
50,0.4,23,5.0,14.4,30,2,10,5,1,0,0,0,0.0102841389587767
25,0.9,21,3.9,2.1,10,6,79,3,5,10,1,1,0.0001
46,0.1,15,1.0,1.0,22,10,100,5,1,0,0,1,0.0001
37,0.1,39,1.5,13.6,44,10,26,2,2,9,0,1,0.0001
50,0.4,25,2.6,15.7,39,7,66,4,4,16,1,1,0.0077997334654426
36,0.7,18,1.3,17.2,13,6,47,4,4,3,1,1,0.007885555017834
10,0.1,50,5.0,1.4,50,2,10,1,1,0,1,1,0.0156042163077231
50,0.4,27,2.4,16.2,40,7,62,4,4,17,1,1,0.0077944952786069
37,1.0,49,3.9,2.2,50,2,85,1,1,0,0,1,0.0001
14,0.1,50,5.0,20.0,13,2,100,3,5,3,1,0,0.0102825304293042
10,0.1,10,5.0,1.0,50,2,10,5,5,0,1,0,0.0001
30,0.5,28,3.1,10.7,31,6,54,3,3,11,0,0,0.0001
33,0.6,40,1.5,10.0,43,6,22,4,1,23,1,0,0.0001
43,0.2,46,3.7,13.6,24,9,26,4,3,21,0,1,0.0001
47,0.9,14,3.9,14.4,10,6,77,5,5,11,1,1,0.0001
50,1.0,10,5.0,20.0,50,2,100,5,1,23,1,0,0.0155751109797001
30,0.1,10,3.0,10.5,50,6,100,5,1,11,1,0,0.0172783566964088
50,1.0,10,5.0,1.1,50,10,10,1,5,22,1,0,0.0001
10,0.7,18,5.0,17.2,50,10,83,3,1,3,1,1,0.0141375306627173
42,0.1,47,5.0,13.9,50,9,22,5,3,22,0,1,0.0001
50,0.5,10,3.9,2.2,46,10,85,1,3,5,1,1,0.0093099851283006
47,0.4,23,2.9,12.9,30,10,21,5,4,17,0,1,0.0001
50,0.1,50,4.9,19.1,10,2,100,5,5,0,0,0,0.0168110486264768
42,0.5,30,3.6,13.9,30,6,55,4,3,22,0,0,0.0001
50,1.0,50,1.5,20.0,27,2,100,4,4,4,0,1,0.0001
49,1.0,10,5.0,1.4,50,10,100,1,1,0,1,0,0.0153456874554908
50,0.1,10,5.0,1.0,49,10,13,5,5,22,0,1,0.0001
36,1.0,10,5.0,7.9,21,7,100,5,4,8,1,1,0.0001
48,1.0,10,1.1,19.9,49,10,11,1,1,1,1,1,0.0001
49,0.2,23,3.1,13.9,24,9,20,4,4,18,0,1,0.0001
12,1.0,47,4.9,1.5,50,2,100,1,1,0,1,1,0.0001
33,0.1,50,1.5,20.0,10,6,21,5,5,23,1,0,0.016860383398749
49,0.6,49,1.4,3.4,23,6,98,2,3,21,1,0,0.0135087728010412
25,0.5,20,3.9,2.2,19,6,85,3,3,3,0,0,0.0165263003700976
36,1.0,46,1.5,8.9,27,7,47,3,4,4,1,1,0.0078712441100863
30,0.2,47,3.0,10.5,24,9,22,3,3,11,0,1,0.0001
37,1.0,21,3.2,2.2,19,2,85,3,3,3,1,0,0.013768682009711
30,0.5,30,2.8,9.5,29,6,61,3,3,12,0,0,0.0171123875247639
36,0.1,38,1.3,1.0,10,10,47,5,4,8,1,1,0.0001
43,0.5,30,3.0,10.5,30,6,94,1,3,4,0,0,0.0171495330764866
35,0.4,46,1.4,7.8,20,7,46,3,4,8,1,0,0.015091782327977
50,0.1,10,5.0,1.0,40,7,63,5,4,0,1,0,0.0133678246898299
25,0.5,30,3.2,2.1,19,6,55,3,3,11,0,0,0.0001
10,1.0,49,1.0,1.0,50,10,12,5,1,0,1,1,0.0164643444522301
50,0.5,30,1.0,10.5,50,6,55,5,3,11,1,1,0.0096666551286843
37,0.5,20,3.9,2.2,46,6,85,3,3,5,0,1,0.0167661811087858
50,0.8,20,5.0,1.0,18,6,10,3,1,23,0,0,0.0001
38,1.0,38,1.1,8.3,27,6,45,4,4,9,1,1,0.0078364390869152
50,0.1,50,4.9,19.7,50,2,11,1,1,1,1,0,0.0001
43,0.2,47,3.7,13.6,24,9,22,4,3,21,0,1,0.0166138421711126
37,1.0,20,3.9,1.3,46,10,85,1,3,5,0,1,0.0001
36,0.4,46,1.2,7.4,21,7,47,3,4,8,1,0,0.0148155241828729
50,0.1,10,1.0,1.0,10,10,100,5,1,1,0,0,0.0001
50,0.1,10,1.0,1.0,50,2,100,5,1,0,1,0,0.0001
50,1.0,10,1.1,20.0,49,10,11,1,1,0,1,1,0.0157627955255896
49,0.2,23,3.1,14.4,24,9,20,4,4,18,0,1,0.0001
37,0.5,19,4.0,2.9,46,2,90,1,3,4,0,1,0.0167132172255157
10,1.0,39,1.4,9.3,25,5,48,4,4,3,1,1,0.0078579514912207
49,0.1,10,5.0,1.1,49,2,10,5,1,0,1,0,0.0001
39,0.1,41,1.5,13.5,44,10,21,2,2,9,0,1,0.0001
33,0.1,10,1.5,1.0,10,10,21,4,1,0,0,0,0.0001
49,0.8,18,1.4,10.0,17,6,37,3,1,23,1,0,0.0001
46,1.0,13,3.2,13.9,10,6,76,3,5,3,1,0,0.0112095787142289
14,0.4,15,1.3,17.2,22,3,83,3,3,6,1,1,0.0093102506035051
50,0.8,20,1.4,9.3,50,6,40,5,5,21,1,1,0.0001
29,0.5,30,3.0,11.7,30,6,55,3,3,10,0,0,0.0001
20,1.0,29,1.6,7.7,10,8,59,2,2,9,1,0,0.0001
49,0.1,10,4.9,1.0,50,10,10,5,5,23,0,1,0.0001
50,0.5,10,1.0,20.0,50,6,10,1,1,11,0,1,0.0001
36,1.0,46,1.3,1.0,50,10,10,5,4,8,1,1,0.0001
10,0.5,30,3.0,20.0,10,2,55,5,5,11,0,0,0.0001
10,0.9,49,3.9,13.9,10,2,76,1,1,10,1,1,0.0001
50,1.0,10,5.0,20.0,50,2,100,5,1,23,0,0,0.0146079817135421
42,0.8,20,3.6,13.9,24,6,22,4,3,21,0,1,0.0001
49,1.0,10,1.0,9.3,18,6,10,3,1,0,1,0,0.0001
49,0.1,10,5.0,20.0,50,10,10,1,5,22,1,0,0.0001
46,0.4,15,3.1,4.7,21,3,75,3,3,5,1,1,0.0096873822761639
30,0.1,30,3.0,1.0,50,10,10,5,5,11,0,1,0.0001
45,0.9,13,3.9,14.2,10,7,76,5,5,10,1,1,0.0001
10,1.0,40,1.5,8.9,28,6,47,4,4,3,1,1,0.0078551443715774
49,0.4,22,3.1,14.7,31,10,24,5,4,19,0,1,0.0001
26,0.5,30,2.9,10.3,30,6,53,3,3,11,0,0,0.0001
48,0.1,10,5.0,1.0,50,10,11,5,5,22,0,1,0.0001
14,0.4,46,1.3,17.2,21,2,47,3,1,3,1,0,0.0164969197526236
50,0.1,40,1.5,14.0,44,10,10,2,2,0,0,1,0.0001
49,0.1,10,3.1,14.4,30,10,20,5,1,18,1,1,0.0001
44,0.4,15,2.9,5.2,23,3,80,3,3,6,1,1,0.0093084399057815
32,0.5,29,3.0,10.6,31,6,47,3,3,12,0,0,0.0001
10,0.4,10,3.1,20.0,10,10,10,5,4,0,0,0,0.0102775837218544
10,1.0,49,1.0,1.0,48,10,10,5,1,0,1,1,0.0001
50,0.1,10,5.0,1.0,50,10,10,5,5,0,0,1,0.0001
50,1.0,10,5.0,1.0,50,10,10,1,5,21,1,0,0.0001
45,0.4,14,3.2,5.4,21,3,79,3,3,6,1,1,0.008815997857881
49,0.1,10,1.0,1.2,50,10,100,5,1,1,1,1,0.0001
50,1.0,11,4.8,1.5,50,10,13,1,5,22,1,0,0.0130822022543577
38,1.0,36,1.4,7.1,26,6,47,4,4,8,1,1,0.0083812941665118
49,0.8,20,1.5,8.4,18,6,38,3,1,21,1,0,0.0170067597048957
37,1.0,21,3.9,2.1,46,6,79,1,3,3,1,0,0.0138418475191116
48,0.4,15,3.0,5.9,21,3,72,3,3,6,1,1,0.0093389018515602
50,0.4,27,2.7,16.6,40,7,61,4,4,16,1,1,0.0083373505964422
30,0.4,29,3.1,10.8,30,6,49,3,3,11,0,0,0.0001
50,0.4,27,2.7,16.6,40,7,61,5,5,23,0,1,0.0164921994152699
36,0.4,46,1.3,7.9,21,7,47,4,4,8,1,0,0.0146357379102378
50,1.0,50,5.0,1.3,50,2,10,1,1,22,1,0,0.0001
50,0.1,10,5.0,1.2,50,2,10,5,1,0,1,0,0.0001
49,0.1,49,5.0,20.0,10,2,97,5,5,0,0,0,0.0164057436427609
49,0.1,49,4.7,20.0,49,2,12,1,1,0,1,0,0.0001
10,0.8,10,1.4,9.3,18,2,10,5,5,0,1,0,0.0162630351081778
46,0.1,50,3.0,5.5,10,3,74,5,3,0,1,0,0.014662751190482
43,0.7,28,1.3,9.7,50,5,97,1,1,4,1,1,0.0124293351082573
42,0.1,47,5.0,1.0,24,2,22,4,1,0,1,0,0.0001
46,0.4,15,3.1,6.0,21,3,77,3,3,5,1,1,0.0097244834771765
50,0.9,10,1.0,13.9,10,7,10,1,5,10,1,1,0.0001
50,0.5,41,3.0,1.2,26,8,78,1,5,13,0,1,0.0001
50,0.1,10,1.0,1.2,50,10,100,5,1,0,1,1,0.0001
38,1.0,40,1.3,7.8,27,6,47,4,4,8,1,1,0.0083769714309145
50,0.2,47,3.6,1.0,24,2,22,5,3,22,0,1,0.0001
50,0.7,18,1.0,17.2,10,2,83,5,1,3,1,1,0.0138848556217475
49,1.0,21,5.0,2.1,50,6,10,1,5,22,1,0,0.0001
49,0.5,20,1.4,10.5,18,6,40,3,1,11,0,0,0.0001
14,1.0,38,1.5,17.2,27,6,51,3,1,4,1,1,0.0001
44,0.9,13,4.0,13.2,10,7,74,5,5,11,1,1,0.0001
30,0.2,47,3.6,13.9,24,6,22,3,3,22,0,1,0.0166860213586771
10,1.0,50,1.5,1.0,27,6,10,5,4,4,1,1,0.0001
50,0.5,50,5.0,20.0,46,2,85,1,3,0,1,0,0.0141993938300927
42,0.8,20,1.4,13.9,18,6,40,4,1,21,1,0,0.016850336788315
10,1.0,37,1.5,8.8,28,6,51,4,4,4,1,1,0.0078261255821416
50,0.5,29,3.0,10.3,30,10,10,1,3,0,1,1,0.0096088023677223
30,1.0,30,1.0,20.0,10,6,55,3,5,0,1,0,0.0121781737398089
39,0.1,40,1.7,14.1,46,10,18,2,2,9,0,1,0.0001
36,1.0,38,1.3,7.9,27,6,51,4,4,8,1,1,0.0078248494611938
30,0.4,23,3.1,10.5,30,6,20,5,3,11,0,0,0.0001
50,0.1,11,5.0,2.0,50,2,10,5,1,1,1,0,0.0001
49,1.0,11,1.0,19.5,48,10,10,1,1,0,1,1,0.0155151599524534
47,0.4,15,3.1,6.4,21,3,74,3,3,6,1,1,0.0088873254929256
30,0.5,29,2.8,11.0,31,6,46,3,3,12,0,0,0.0001
10,1.0,11,1.0,19.9,11,2,14,5,5,0,1,0,0.0143211046833726
10,1.0,50,1.0,1.5,50,10,13,5,1,0,1,1,0.0001
31,0.5,28,3.0,10.4,31,6,52,3,3,11,0,0,0.0001
10,0.8,20,1.4,20.0,10,6,10,3,1,21,1,0,0.0001
36,0.6,39,1.3,9.1,27,6,47,4,4,8,1,1,0.0083717229328305
50,0.1,10,5.0,1.0,50,10,11,5,5,23,0,1,0.0001
46,1.0,10,3.9,13.9,50,7,76,1,5,10,1,1,0.0001
50,0.1,10,1.0,1.2,10,10,95,5,1,0,0,0,0.0001
49,0.4,27,2.5,16.6,38,7,57,4,4,16,1,1,0.0077957834433256
36,1.0,10,5.0,20.0,27,6,47,4,1,8,1,1,0.0149921533302155
26,1.0,21,3.3,2.0,20,6,78,3,3,1,1,0,0.0138827257998407
50,0.4,22,3.1,13.9,29,10,20,5,4,17,0,1,0.0001
18,0.3,33,1.1,18.3,41,3,35,4,3,17,0,1,0.0001
36,0.6,39,1.3,9.0,29,6,45,4,4,7,1,1,0.0083842531904837
50,0.1,10,5.0,1.0,50,2,10,5,1,1,1,0,0.0001
25,1.0,21,3.1,1.0,20,7,77,3,3,2,1,0,0.0001
10,0.6,10,5.0,20.0,50,10,100,5,1,23,1,0,0.0156470169646901
10,0.2,47,3.6,13.9,10,2,22,5,5,0,0,0,0.0001
37,0.5,20,3.9,2.2,46,6,50,1,3,5,0,1,0.0001
49,0.1,50,5.0,19.0,10,2,100,5,5,1,0,0,0.0166161335765881
50,0.4,27,2.7,1.0,50,10,100,4,1,16,1,1,0.0001
42,0.7,26,1.3,9.1,48,5,91,1,1,6,1,1,0.0122507456701563
37,1.0,10,5.0,20.0,26,6,44,4,1,7,1,1,0.0149141774248326
40,0.2,23,1.9,6.2,48,7,55,2,1,21,1,0,0.0169300034726048
50,1.0,10,1.0,19.0,50,10,10,1,1,0,1,1,0.0154325600835497
36,1.0,10,5.0,20.0,27,6,47,4,4,8,1,1,0.0083687402487316
50,0.1,10,1.0,1.0,50,10,100,5,1,0,1,0,0.0001
49,1.0,10,1.1,20.0,50,10,16,1,1,0,1,1,0.0001
49,0.4,36,3.8,14.3,28,9,60,5,3,8,1,0,0.0157888083062265
30,0.1,10,3.0,1.0,30,6,55,3,3,0,0,1,0.0001
46,1.0,13,3.2,2.1,19,6,76,3,5,3,1,1,0.0001
50,0.8,19,1.3,9.2,19,6,43,3,1,20,1,0,0.0168216809675062
46,0.7,15,3.0,5.5,22,2,83,3,3,6,1,1,0.009303099549977
46,0.5,20,3.9,2.2,46,7,76,5,3,10,0,1,0.0001
15,0.7,19,1.3,17.0,14,2,85,3,1,4,1,1,0.0139805606233236
30,0.8,20,1.4,10.5,18,6,55,3,3,11,1,0,0.015195376038454
37,0.1,40,1.5,14.0,44,2,24,2,2,5,0,1,0.0001
30,0.1,30,3.0,1.0,30,10,55,3,1,0,0,0,0.0001
50,1.0,50,5.0,20.0,10,6,100,5,4,0,1,1,0.0001
43,0.7,27,1.1,8.5,50,5,94,1,1,4,1,1,0.0124768161572996
50,0.1,10,5.0,1.0,50,10,10,5,1,0,0,1,0.0001
10,1.0,10,5.0,8.9,27,6,51,4,4,8,1,1,0.0078200708126259
46,0.7,27,1.2,8.9,49,5,76,1,1,4,1,1,0.0001
49,0.1,20,1.4,1.0,18,2,40,5,1,0,1,0,0.0001
10,1.0,38,1.5,20.0,27,6,100,4,1,4,1,1,0.0126459867611352
46,0.9,15,4.0,13.8,10,7,73,5,5,10,1,1,0.0001
42,0.2,47,3.4,14.0,24,8,24,4,3,23,0,1,0.0001
10,0.7,10,5.0,20.0,13,10,83,5,1,3,1,1,0.0139352856151356
42,0.7,25,1.5,9.2,49,5,98,1,1,4,1,1,0.0121170866750179
49,0.1,20,1.4,9.3,18,10,100,3,1,21,1,1,0.0001
36,1.0,10,1.5,8.9,27,6,47,4,1,4,1,1,0.0149095793630803
37,1.0,20,5.0,1.4,46,2,85,1,1,0,1,1,0.0134949192207299
50,0.1,10,1.0,1.0,50,10,98,5,1,0,1,1,0.0001
43,0.5,20,1.2,8.9,46,2,94,1,1,5,0,1,0.0001
14,0.6,18,1.5,17.2,42,2,83,3,1,3,1,1,0.014055795415986
50,0.4,27,3.1,14.4,30,7,20,5,4,16,1,1,0.0001
49,0.1,40,1.5,14.0,50,10,24,2,2,9,1,0,0.0172180131686852
30,0.6,30,3.0,3.4,30,6,55,3,3,11,0,0,0.0001
14,0.7,18,1.4,18.2,11,2,82,3,1,2,1,1,0.0137723117439095
49,0.7,10,5.0,8.9,50,10,10,1,5,22,1,0,0.013498488584298
35,0.6,39,1.3,9.7,28,6,41,4,4,8,1,1,0.0088068990044191
42,0.1,10,3.6,13.9,50,9,22,4,3,22,1,1,0.0001
10,0.1,10,1.0,1.0,50,10,10,5,1,0,1,0,0.0001
50,0.7,27,1.0,8.9,50,5,94,1,1,0,1,1,0.0125875747375119
38,0.4,46,1.2,7.6,21,7,47,3,4,8,1,0,0.0144478572514557
50,0.1,10,5.0,1.0,48,2,13,5,1,0,1,0,0.0001
50,0.1,50,4.9,19.0,11,2,100,5,5,0,0,0,0.0165774917245146
10,0.1,49,5.0,1.4,50,2,100,1,1,0,1,0,0.0164537079160244
39,0.2,47,3.4,14.2,23,9,19,4,3,22,0,1,0.0001
34,0.4,45,1.5,7.8,24,7,45,3,4,9,1,0,0.0146170911678813
46,1.0,49,3.9,13.9,10,2,76,1,1,0,1,1,0.0135941875804012
49,0.6,49,3.1,3.4,23,10,20,5,4,21,1,1,0.0001
37,0.7,20,1.2,8.9,49,5,94,1,1,5,0,1,0.0133690006075882
14,0.4,15,1.3,17.2,13,3,83,3,3,6,1,1,0.0092712839448941
49,0.6,20,3.3,3.4,18,6,98,2,3,21,1,0,0.0131412332555406
10,0.7,49,5.0,1.4,49,2,100,1,1,4,1,1,0.0121923047609128
36,1.0,38,1.3,7.9,21,7,47,4,4,8,1,0,0.0142761615500434
42,0.1,10,5.0,13.9,50,10,22,4,5,23,0,1,0.0001
44,0.3,28,2.2,11.8,28,5,43,4,5,23,0,1,0.0001
37,1.0,20,5.0,1.4,50,2,100,1,3,0,1,1,0.0078128404149997
42,0.4,27,2.7,16.6,40,9,61,4,3,22,1,1,0.0093389535554708
28,0.8,49,1.5,17.6,13,5,75,4,5,0,1,1,0.0001
49,1.0,23,1.0,14.4,30,10,20,5,5,0,0,0,0.0001
25,0.1,21,3.2,2.1,50,6,79,1,3,3,1,0,0.01423242394886
36,0.5,20,3.9,1.4,45,2,86,1,3,6,0,1,0.0143617401860208
11,1.0,10,1.2,19.9,12,2,10,5,5,0,1,0,0.0001
37,0.4,46,1.3,7.7,20,7,48,3,4,8,1,0,0.0146867155298824
50,0.1,50,5.0,19.4,50,2,10,1,1,0,1,0,0.0001
42,0.5,30,3.0,13.9,24,9,55,3,3,22,0,0,0.016503676007922
50,0.6,39,1.3,9.1,27,6,100,4,5,8,1,1,0.0001
37,0.7,27,3.9,8.9,49,2,94,1,3,5,0,1,0.0001
49,0.6,20,3.3,9.3,23,6,98,2,1,21,1,1,0.011667920482035
10,0.6,39,1.5,9.1,42,6,21,4,4,23,1,1,0.0001
25,0.7,27,3.2,2.1,19,5,94,3,3,4,1,1,0.0078490872000723
43,0.2,45,3.6,13.7,22,9,26,4,3,22,0,1,0.0001
36,0.6,46,1.5,9.1,21,7,47,4,4,23,1,0,0.0141534422317475
25,0.1,50,5.0,2.1,50,6,79,1,3,0,1,0,0.0140238487614887
10,0.8,10,1.0,20.0,10,6,40,5,5,0,1,0,0.0001
48,0.1,50,4.8,20.0,10,2,99,5,5,0,0,0,0.0161048069224594
49,0.1,10,1.5,1.3,44,10,10,2,5,9,1,0,0.0001
11,1.0,10,1.0,19.0,11,3,11,5,5,0,1,0,0.0001
11,1.0,11,5.0,20.0,50,10,99,5,1,23,1,1,0.012263710955187
50,0.1,10,4.9,1.0,48,2,10,5,1,0,1,0,0.0001
50,1.0,10,1.1,18.9,50,10,10,1,1,1,1,1,0.0153902837709595
46,0.1,50,5.0,5.5,10,3,74,5,3,6,1,0,0.0149148241023028
50,0.1,11,5.0,1.0,50,10,10,5,5,22,0,1,0.0001
10,1.0,49,1.0,20.0,50,10,10,1,1,0,1,1,0.0153854332509158
33,0.6,39,1.3,9.0,41,6,23,4,1,22,1,0,0.0167040966795894
39,0.2,23,1.9,5.7,50,7,52,2,1,22,1,0,0.0167242902725302
10,1.0,49,5.0,1.4,50,2,10,1,5,0,1,0,0.0001
15,0.7,19,1.3,17.8,13,2,84,3,1,3,1,1,0.0137496915497067
49,0.1,20,1.4,1.0,18,2,40,3,1,21,1,0,0.0001
43,0.5,29,3.0,8.9,49,6,50,1,3,4,0,0,0.0001
43,0.3,43,1.4,19.9,22,7,57,5,1,13,0,0,0.0001
37,0.5,19,4.1,2.6,47,2,85,1,3,6,0,1,0.0165629816680353
50,0.5,30,3.0,1.0,50,10,100,3,1,11,1,0,0.0001
14,0.4,15,3.0,17.2,22,3,83,3,1,6,1,1,0.0140681203283858
49,1.0,10,5.0,1.4,50,2,100,1,5,0,1,0,0.0102846761643305
40,0.2,22,1.9,5.9,49,7,55,2,1,22,1,0,0.0167633442329343
10,0.6,38,1.5,8.9,27,6,51,4,1,4,1,0,0.0166317814615944
48,0.8,21,1.4,9.6,18,6,43,3,1,22,1,0,0.0167157756751665
37,0.7,20,3.9,8.9,49,5,85,1,3,4,1,1,0.0092906312259794
14,0.4,46,1.3,7.9,13,2,47,3,1,8,1,1,0.0159780830497913
48,0.4,21,2.9,14.3,29,10,20,5,4,18,0,1,0.0001
46,0.9,13,3.9,13.4,10,8,74,5,5,11,1,1,0.0001
35,0.6,40,1.6,9.2,44,6,16,4,1,23,1,0,0.0001
49,0.1,10,3.1,1.0,50,2,10,5,4,0,0,0,0.0001
49,1.0,11,5.0,2.1,49,10,17,1,5,21,1,0,0.0123130373451501
29,0.5,30,3.0,10.8,28,6,56,3,3,11,0,0,0.0001
36,0.4,10,5.0,20.0,27,7,47,4,4,8,1,1,0.0088308257584019
43,0.2,47,3.7,13.4,27,9,20,4,3,23,0,1,0.0001
34,0.5,41,4.4,7.5,50,10,21,3,3,10,1,0,0.0169456462140787
14,1.0,18,1.3,17.2,13,6,83,3,4,8,1,1,0.0071815509244347
50,0.6,49,1.0,1.0,50,10,98,2,1,21,1,1,0.0115874607438457
50,0.1,50,5.0,19.9,50,2,10,1,1,1,1,0,0.0001
10,0.7,18,1.3,20.0,50,10,100,5,1,23,1,1,0.0124491830215906
10,1.0,10,5.0,1.4,50,10,100,1,1,22,1,1,0.0001
49,1.0,20,1.4,9.3,18,6,40,3,5,21,1,0,0.0125581312168457
35,1.0,36,1.1,8.4,27,6,43,4,4,8,1,1,0.0083507242078766
50,0.1,10,1.5,14.0,44,10,24,2,2,0,0,1,0.0001
39,0.2,25,1.9,5.2,50,7,56,2,1,21,1,0,0.0166533880406117
10,0.4,38,1.5,5.5,22,6,74,4,3,4,1,1,0.0096896515664079
49,1.0,49,5.0,1.3,50,2,10,1,5,0,1,0,0.0001
39,0.3,23,1.9,6.2,49,7,53,2,1,20,1,0,0.0166872318557019
36,0.6,39,1.6,8.9,26,6,48,4,4,9,1,1,0.0078069389110684
43,0.1,50,1.2,20.0,50,5,94,1,1,0,1,0,0.0162681204805001
33,0.6,50,3.2,4.1,23,8,99,2,3,20,1,1,0.0001
31,0.6,39,1.3,9.5,43,6,24,4,1,23,1,0,0.0167892187992532
30,1.0,29,3.0,10.3,30,2,50,3,3,0,0,1,0.0156358193228791
50,0.4,29,2.6,15.8,40,7,59,4,4,17,1,1,0.007797452554446
10,0.6,10,1.5,9.1,42,10,100,5,1,23,1,0,0.0150148411987833
25,0.7,27,1.2,2.1,19,5,79,1,1,4,1,1,0.0001
50,0.1,12,5.0,1.0,49,2,10,5,1,0,1,0,0.0001
40,0.1,38,1.8,14.3,46,10,23,2,2,9,0,1,0.0001
10,1.0,10,5.0,19.4,50,10,100,5,1,22,1,1,0.0122499783054458
31,0.5,29,2.8,9.5,31,6,59,3,3,12,0,0,0.0001
39,0.1,41,1.4,13.2,43,10,21,2,2,10,0,1,0.0001
34,0.6,39,1.4,9.5,41,6,17,4,1,22,1,0,0.0001
49,0.1,20,1.0,1.0,50,6,40,5,1,21,1,0,0.0001
47,0.1,50,5.0,20.0,50,2,12,1,1,1,1,0,0.0001
10,0.4,46,1.3,20.0,21,10,47,3,4,23,1,1,0.0088095608252937
50,1.0,10,1.0,1.0,50,10,100,5,1,0,1,1,0.0001
11,1.0,10,5.0,20.0,50,10,100,5,1,23,1,1,0.0122487289918681
24,1.0,22,3.3,1.2,19,6,78,3,3,3,1,0,0.0001
50,0.8,20,1.4,9.3,40,7,40,3,1,16,1,0,0.0166869575214115
49,0.1,50,5.0,19.4,11,2,100,5,5,2,0,0,0.0165245954256718
10,0.9,13,3.9,13.9,50,2,100,1,5,0,1,1,0.0001
49,0.2,20,1.4,9.3,48,7,55,2,1,21,1,0,0.0167170579950885
14,0.1,18,5.0,17.2,10,2,83,5,1,0,0,0,0.0164009467688352
50,0.1,10,5.0,20.0,50,10,10,1,1,0,1,1,0.0158766240265817
50,0.4,10,5.0,1.0,50,7,10,5,1,16,1,1,0.0001
10,0.4,15,1.5,5.5,22,6,51,4,3,4,1,1,0.0099676118979398
30,0.5,28,3.1,10.8,31,6,46,3,3,11,0,0,0.0001
42,0.1,47,5.0,1.0,50,2,22,4,1,0,1,0,0.0001
34,0.6,39,1.6,9.1,42,6,24,4,1,23,1,0,0.0167700488407386
50,0.1,50,5.0,20.0,50,2,10,1,1,0,1,1,0.0156760645705423
48,0.8,21,1.5,9.0,16,6,42,3,1,21,1,0,0.0001
36,0.6,39,1.5,7.9,42,6,21,4,1,8,1,0,0.0001
50,0.1,10,5.0,20.0,50,10,11,1,1,0,1,1,0.0159599916855631
42,0.2,48,3.4,13.2,25,9,20,4,3,21,0,1,0.0001
33,0.6,38,1.4,9.5,43,6,20,4,1,22,1,0,0.0167039163019455
30,0.1,29,5.0,10.3,30,10,50,1,3,0,1,1,0.0096680942874278
40,0.4,23,1.9,16.6,48,7,55,2,1,21,1,0,0.0166853192587063
36,0.1,38,1.3,7.9,27,6,47,5,4,0,1,0,0.0146992524223576
49,0.1,49,5.0,20.0,50,2,10,1,1,0,1,0,0.0001
10,0.2,23,1.9,6.2,48,2,55,5,1,0,1,0,0.0165446584674454
10,0.4,46,1.5,8.9,27,6,51,4,4,4,1,1,0.007813441846638
43,0.7,28,1.0,9.3,49,5,91,1,1,3,1,1,0.012415565200263
50,0.4,21,3.1,15.7,30,10,23,5,4,19,0,1,0.0001
36,1.0,46,1.3,20.0,27,6,47,4,4,8,1,0,0.0140974532292237
25,0.1,21,5.0,20.0,19,2,79,1,3,3,1,0,0.0143035498969472
50,0.8,20,1.2,9.0,18,6,41,3,1,20,1,0,0.0165899084168233
37,1.0,20,1.0,2.2,46,2,10,1,3,0,0,1,0.0001
13,0.7,18,1.2,17.5,13,2,85,3,1,4,1,1,0.01394125098286
49,0.4,27,2.7,16.8,40,7,60,4,4,17,1,1,0.0077970404238369
50,0.1,49,4.8,20.0,10,2,100,5,5,1,0,0,0.0165221026890747
24,1.0,21,3.3,1.5,20,6,77,3,3,3,1,0,0.0141408898226969
49,0.1,10,1.4,1.0,18,6,100,5,1,0,1,0,0.0001
10,0.6,10,1.5,20.0,42,6,21,5,1,23,1,0,0.0165570470713685
50,1.0,49,5.0,1.4,50,2,10,1,1,0,1,0,0.0001
42,0.2,48,3.4,13.3,27,9,21,4,3,23,0,1,0.0001
10,0.6,10,1.5,20.0,42,6,21,4,1,23,1,0,0.0165559453703888
10,0.5,49,5.0,2.2,50,2,85,1,3,0,1,1,0.0083467305112627
50,0.2,10,1.9,6.2,50,7,55,5,1,21,1,1,0.0158574143656393
39,1.0,10,5.0,20.0,26,6,44,4,1,7,1,1,0.014894210720473
43,0.7,27,1.0,7.9,49,5,98,1,1,4,1,1,0.0120809929273354
49,0.5,20,1.4,9.3,29,6,61,3,3,21,0,0,0.0167060611133446
45,0.3,13,3.6,16.2,49,8,42,3,3,0,0,1,0.0001
50,0.6,50,5.0,20.0,27,6,100,5,5,8,1,0,0.0107288800930534
40,0.2,23,1.7,5.5,48,7,55,2,1,20,1,0,0.0166916986927894
10,1.0,49,4.9,1.4,49,2,100,1,1,0,1,1,0.0119974706373089
10,1.0,37,1.3,8.9,25,6,49,4,4,3,1,1,0.0078104056623315
40,0.1,10,1.9,1.0,48,10,100,2,1,21,1,0,0.0001
32,0.6,39,1.6,10.1,42,6,24,4,1,23,1,0,0.0167307537737794
48,1.0,12,4.8,1.0,48,10,10,1,5,22,1,0,0.0001
50,1.0,20,1.4,1.0,18,10,40,3,1,0,1,0,0.0001
37,0.5,17,4.0,3.0,46,2,90,1,3,4,0,1,0.0164839751579023
14,0.6,39,1.5,17.2,13,6,83,3,1,3,1,0,0.0167458290483715
49,0.1,11,1.0,1.0,50,10,98,5,1,1,1,1,0.0001
50,1.0,21,5.0,20.0,19,10,79,3,1,3,1,1,0.0001
21,0.7,39,1.7,6.9,13,8,36,1,3,2,1,0,0.0001
50,0.1,10,5.0,1.6,50,2,12,5,1,1,1,0,0.0001
39,0.5,22,3.9,2.4,45,2,86,1,3,6,0,1,0.0165238698876628
50,1.0,10,5.0,20.0,50,10,100,5,1,23,0,0,0.0153513312925995
30,0.1,10,5.0,9.5,50,6,61,5,3,12,0,0,0.0164278077541748
49,0.5,10,3.9,1.3,50,2,10,1,5,5,0,0,0.0001
33,1.0,39,5.0,20.0,42,10,21,4,1,23,1,1,0.0001
49,0.1,11,1.1,1.0,50,10,100,5,1,0,1,1,0.0001
43,0.8,27,1.1,7.7,49,5,97,1,1,4,1,1,0.0124778844438443
46,0.4,14,3.0,5.2,22,3,76,3,3,5,1,1,0.0096260934087534
39,0.5,21,4.0,1.4,47,2,85,1,3,6,0,1,0.0145705693000419
50,0.8,19,1.3,9.4,17,6,38,3,1,22,1,0,0.0001
49,0.5,10,3.0,10.3,30,6,50,3,5,22,0,0,0.0001
14,0.1,50,5.0,17.2,10,2,83,5,5,0,0,0,0.0164796691035042
50,0.1,11,4.9,1.5,49,2,10,5,1,1,1,0,0.0001
30,1.0,29,5.0,10.3,30,6,10,1,5,11,0,0,0.0001
50,0.4,23,3.0,14.5,28,10,23,5,4,17,0,1,0.0001
44,0.4,15,2.9,5.1,22,2,80,3,3,6,1,1,0.0092702762416099
33,0.6,40,1.3,9.3,43,6,22,4,1,23,1,0,0.0001
49,0.7,27,1.2,1.3,50,5,94,1,1,4,1,0,0.015681689094547
40,0.1,10,5.0,9.5,48,7,55,5,3,12,1,0,0.0158805522157985
50,0.1,50,4.8,20.0,10,2,97,5,5,1,0,0,0.0162116737389891
43,1.0,27,1.2,1.4,49,5,100,1,1,4,1,1,0.0121964309365126
29,0.1,10,5.0,9.5,48,6,58,5,3,12,0,0,0.016421407394052
34,0.4,44,1.3,8.5,20,7,48,3,4,8,1,0,0.0146037642607055
48,0.1,10,4.9,1.0,49,2,15,5,1,1,1,0,0.0001
47,0.9,13,4.0,13.9,11,7,77,5,5,9,1,1,0.0001
46,0.4,15,3.0,6.2,23,3,76,3,3,4,1,1,0.0096554169027005
41,0.2,23,1.9,5.2,49,7,55,2,1,22,1,0,0.0166589678698715
27,1.0,21,3.3,2.0,17,6,77,3,3,2,1,0,0.0001
42,0.2,23,3.6,6.2,48,9,55,2,3,22,0,1,0.0164955214080052
36,1.0,38,1.2,8.5,27,6,47,4,4,8,1,1,0.0083482338052037
10,1.0,50,5.0,1.4,49,2,99,1,1,0,1,1,0.0001
40,0.2,22,1.9,6.9,47,7,50,2,1,21,1,0,0.0166217393308189
50,0.7,27,1.2,1.3,50,10,11,1,1,4,1,0,0.0001
36,1.0,37,1.5,7.7,27,6,45,4,4,8,1,1,0.0083506298508694
31,0.5,31,2.8,9.6,29,6,60,3,3,13,0,0,0.0166073854008682
48,1.0,11,1.0,19.4,50,9,14,1,1,0,1,1,0.0158521519417025
14,0.7,17,1.1,17.1,13,2,81,3,1,4,1,1,0.0142428397525552
42,0.1,10,5.0,9.5,50,9,22,4,3,22,0,1,0.0001
10,1.0,50,5.0,1.4,50,2,100,1,1,1,1,1,0.011794936807517
50,1.0,50,5.0,20.0,50,10,100,5,5,23,1,1,0.0001
48,0.8,18,1.5,9.7,18,6,42,3,1,21,1,0,0.0165492042983974
50,1.0,10,1.1,20.0,50,10,11,1,1,1,1,1,0.0001
36,0.4,15,3.0,20.0,22,6,74,3,3,6,1,1,0.0088375105434743
40,0.1,10,1.0,1.0,50,7,55,5,1,0,1,0,0.0001
43,1.0,49,1.2,8.9,50,5,94,1,1,0,1,1,0.012445847878439
36,0.4,15,5.0,5.5,22,3,74,3,3,8,1,1,0.00881382192515
49,0.1,10,5.0,1.8,50,2,10,5,1,0,1,0,0.0001
50,0.5,10,5.0,10.3,30,6,11,1,3,11,0,0,0.0001
36,1.0,46,1.3,7.9,21,7,47,4,4,8,1,1,0.0083474488950886
30,0.1,10,5.0,1.0,50,6,10,5,1,0,0,0,0.0001
30,1.0,29,3.0,10.3,30,5,50,1,1,0,0,1,0.0164959851424102
10,0.4,10,3.0,20.0,50,10,100,5,1,23,1,1,0.0126124209074134
30,0.1,10,5.0,1.0,50,2,61,5,1,12,1,0,0.0001
37,1.0,10,1.0,2.2,50,2,10,1,1,0,1,1,0.0001
31,1.0,27,3.0,10.6,30,5,44,1,1,0,0,1,0.0001
10,1.0,10,5.0,19.3,50,10,98,5,1,22,1,1,0.0122358859896768
10,1.0,10,1.4,20.0,18,2,40,3,5,0,1,0,0.0001
50,0.7,27,1.0,1.7,50,5,95,1,1,4,1,0,0.0001
23,1.0,19,1.9,4.2,44,8,39,4,3,3,1,1,0.0105713082836211
46,0.8,21,1.6,9.6,17,6,43,3,1,21,1,0,0.0166267256983585
14,0.6,50,1.5,17.2,10,6,83,3,1,3,0,0,0.0001
43,1.0,27,3.2,2.1,49,6,94,1,3,4,1,1,0.0078259119274379
30,1.0,30,2.8,9.5,18,6,61,3,3,21,1,0,0.0146665203826198
50,0.7,10,1.2,20.0,50,5,10,1,1,4,1,0,0.0001
36,1.0,38,1.3,7.9,21,7,47,3,4,8,1,0,0.0141056273930907
30,0.2,47,3.6,13.9,24,6,22,4,3,12,0,0,0.0164719478075337
50,0.1,11,5.0,19.5,50,10,16,1,1,0,1,1,0.0157443115041164
30,0.1,12,5.0,8.8,50,6,63,5,3,11,0,0,0.0164010988774774
14,0.4,15,1.3,17.2,22,3,83,3,3,3,1,1,0.0092560290145783
43,0.2,48,3.5,14.6,24,9,22,4,3,23,0,1,0.0164599532780063
43,0.7,27,1.2,8.9,50,5,94,1,1,4,1,0,0.0152285903651806
14,0.1,50,5.0,17.2,13,2,83,3,5,0,0,0,0.0164557207355766
50,0.5,20,1.0,20.0,50,10,10,1,3,5,0,1,0.0001
14,0.6,39,1.5,17.2,13,2,83,5,5,3,0,0,0.0001
49,0.1,10,5.0,9.3,50,2,40,5,5,21,1,0,0.0141235495114578
25,0.1,21,3.2,20.0,50,10,79,1,1,0,1,0,0.0167445895748299
46,0.1,50,5.0,17.2,22,3,83,3,3,0,1,0,0.0141180108981184
49,0.8,20,1.4,9.3,18,6,40,3,5,21,1,0,0.0126933660906462
30,1.0,29,3.2,10.3,30,5,52,1,1,0,0,1,0.0001
13,0.7,17,1.0,17.2,14,2,80,3,1,3,1,1,0.0143093618930738
40,0.1,23,1.9,9.5,48,6,55,2,3,12,1,0,0.0157988541461936
48,0.7,26,1.2,2.8,50,5,94,1,1,5,1,0,0.0158383438314926
40,0.1,23,1.9,9.5,50,7,55,2,1,12,0,0,0.0001
45,0.4,16,3.0,4.7,23,3,73,3,3,7,1,1,0.0092304722934179
50,0.1,10,5.0,19.7,49,10,10,1,1,1,1,1,0.0001
10,0.9,21,2.9,11.9,11,3,78,3,1,13,0,1,0.0164165599660981
42,0.2,23,1.9,13.9,48,7,55,4,1,21,1,0,0.0166280742068128
30,0.7,29,3.0,10.3,30,5,50,1,1,11,1,0,0.0165695184818615
11,1.0,10,5.0,19.7,50,10,100,5,1,22,1,1,0.0122334198014313
50,0.4,27,2.7,17.2,40,7,63,4,4,16,1,1,0.0077930963600449
38,0.5,21,3.7,2.2,45,3,87,1,3,4,0,1,0.0164583872610687
33,0.1,39,5.0,9.1,42,6,21,5,1,0,0,0,0.0001
49,1.0,20,1.0,20.0,18,6,10,3,1,0,1,0,0.0001
37,0.5,20,3.9,10.3,46,2,85,3,3,11,0,1,0.0001
42,0.2,47,1.9,13.9,24,9,22,4,1,21,1,0,0.0001
36,0.1,50,5.0,17.2,10,7,83,5,4,0,1,0,0.0127761500891497
31,0.5,29,2.8,11.1,31,6,51,3,3,12,0,0,0.0001
50,0.1,11,4.9,1.0,50,2,10,5,1,0,1,0,0.0001
10,1.0,11,5.0,19.4,50,10,99,5,1,23,1,1,0.0122297299120747
37,0.7,27,3.9,2.2,50,5,94,1,1,5,1,1,0.0130604194957656
49,0.1,10,1.0,1.0,18,6,100,3,1,0,1,0,0.0001
14,0.6,18,1.3,17.2,13,2,83,4,1,3,1,1,0.0139608623773187
43,1.0,10,1.2,8.9,49,5,94,1,1,0,1,1,0.0124387744100329
50,0.1,12,5.0,1.0,48,3,10,5,1,0,1,0,0.0001
10,1.0,39,1.4,9.8,26,6,46,4,4,4,1,1,0.0092362139531668
50,0.1,10,5.0,19.2,49,10,10,1,1,1,1,1,0.0159251939801823
42,0.2,23,1.9,5.9,48,7,57,2,1,20,1,0,0.0166528745158326
48,0.4,17,2.9,5.8,22,3,78,3,3,7,1,1,0.0088204508175801
43,0.7,27,1.2,8.9,49,5,94,1,1,4,1,0,0.015213958061899
30,0.2,10,3.6,9.5,24,9,22,5,3,12,0,1,0.0001
34,0.6,38,1.6,8.6,40,6,22,4,1,23,1,0,0.0001
38,0.5,21,3.8,2.0,46,2,85,1,3,6,0,1,0.016472676304385
50,0.4,27,2.9,17.0,42,7,55,4,4,16,1,1,0.0071769132290827
50,0.9,16,3.7,7.7,47,6,49,5,5,3,0,0,0.0001
46,0.6,15,1.5,9.1,42,6,21,4,3,23,1,0,0.016667333604647
30,0.8,30,2.8,9.3,29,6,40,3,1,12,0,0,0.0001
43,0.7,26,1.2,2.8,50,5,94,1,1,5,1,0,0.0158199590563329
29,0.5,28,2.6,9.6,29,6,63,3,3,12,0,0,0.0161265874449661
36,1.0,38,1.5,7.9,27,7,47,3,4,8,1,1,0.0083436650277119
49,1.0,11,1.0,19.9,50,10,10,1,1,0,1,1,0.0152206887161744
30,1.0,20,1.4,9.5,29,6,40,3,3,21,0,0,0.0001
10,1.0,38,1.5,8.0,29,6,48,4,4,5,1,1,0.0083428939634893
44,0.7,25,1.2,8.5,49,5,95,1,1,4,1,1,0.0122955001691293
14,0.1,50,1.5,17.2,10,6,83,5,5,3,0,0,0.0001
50,0.8,27,1.4,9.3,40,6,40,4,4,16,1,1,0.0077972854726838
25,0.5,29,3.0,10.3,30,6,79,3,3,3,0,0,0.0165086444354153
33,0.6,35,1.6,10.0,39,6,24,4,1,23,1,0,0.0166430466179755
47,1.0,18,1.4,8.9,18,6,44,3,5,21,1,0,0.0123074883480265
48,0.7,27,1.3,2.8,50,5,92,1,1,5,1,0,0.0154613950380371
31,0.1,10,4.8,9.3,50,6,59,5,3,13,0,0,0.0001
13,0.6,40,1.5,16.9,13,6,84,3,1,2,1,0,0.0166728166127286
29,1.0,29,2.9,9.5,31,5,54,1,1,1,0,1,0.0001
30,0.4,30,2.8,9.5,29,7,61,3,4,16,1,0,0.0136766701642034
36,0.6,39,1.3,7.9,13,7,83,3,1,8,1,0,0.0166953126233176
25,1.0,21,3.0,2.1,19,5,79,3,1,3,0,0,0.0001
48,1.0,26,5.0,1.3,50,10,10,1,1,5,1,0,0.0001
12,0.9,39,1.5,8.1,26,6,50,4,4,4,1,1,0.0078043189587696
50,0.1,27,2.7,16.6,40,7,61,4,1,0,1,0,0.0166904932500323
41,0.7,25,1.1,9.0,50,5,90,1,1,4,1,0,0.0153649731973587
14,1.0,18,1.3,20.0,13,2,83,3,1,8,1,1,0.0134976274914887
10,1.0,10,1.0,20.0,10,2,13,5,5,0,1,0,0.0148000191275569
50,0.4,43,4.4,18.8,49,4,69,3,3,18,0,1,0.0137532849837822
36,0.4,47,1.5,7.2,20,7,50,3,4,9,1,0,0.0143220755704035
10,1.0,20,1.4,9.3,18,6,40,5,5,0,1,0,0.0001
43,0.7,27,1.2,8.9,50,5,94,1,1,4,1,1,0.0123136938219771
50,0.7,50,1.3,17.2,13,2,100,3,1,0,0,0,0.0001
42,0.1,10,1.0,1.0,24,9,100,5,1,22,1,1,0.0001
43,0.7,26,1.0,8.8,50,5,98,1,1,4,1,1,0.0120515951329317
14,0.1,50,5.0,20.0,13,2,100,5,5,3,0,0,0.0165231422857729
49,0.1,11,1.0,1.0,50,10,100,5,1,1,1,1,0.0001
18,0.7,11,3.5,13.3,32,4,52,5,2,0,0,1,0.0164859469714941
46,1.0,15,5.0,5.5,50,3,100,3,1,23,1,1,0.0115990776437304
29,0.1,11,4.9,9.2,50,6,57,5,3,13,0,0,0.0001
35,0.5,21,3.9,1.0,46,2,86,1,3,5,0,1,0.0143538768014893
10,0.4,10,5.0,20.0,50,3,74,5,1,6,1,1,0.0145093552073625
30,0.5,31,2.8,9.0,32,6,59,3,3,12,0,0,0.0001
48,1.0,42,2.7,19.3,41,5,69,2,3,5,1,0,0.0147553560194742
46,0.4,46,1.3,5.5,21,7,47,3,4,8,1,0,0.0141753550240616
40,0.4,27,2.7,6.2,48,7,61,2,4,21,1,0,0.013357669044847
43,0.1,10,5.0,8.9,50,5,11,1,1,0,1,1,0.0157852829341757
10,0.2,23,1.9,6.2,48,7,10,2,1,0,1,0,0.0001
14,0.4,50,3.0,17.2,22,2,74,3,3,0,0,1,0.0001
49,1.0,11,4.8,2.0,49,10,10,1,5,22,1,0,0.0001
30,0.1,10,5.0,10.1,50,6,61,5,3,13,0,0,0.0164152755404106
13,0.7,17,1.1,15.9,13,3,82,3,1,3,1,1,0.0138042217259269
49,1.0,10,1.0,20.0,50,10,10,1,1,0,1,1,0.0152086737242423
50,0.1,10,5.0,1.0,50,10,10,5,1,0,1,1,0.0001
33,1.0,38,1.5,9.1,27,6,51,4,1,23,1,1,0.0001
50,0.1,10,5.0,20.0,49,10,12,1,1,0,1,1,0.0158528854734192
50,1.0,27,1.0,20.0,10,7,61,4,5,0,1,0,0.0112036639989862
37,0.4,47,1.4,8.7,21,7,47,3,4,7,1,0,0.0142025692413336
30,0.1,29,3.0,20.0,30,5,11,1,1,0,0,1,0.0164457639087296
49,1.0,16,1.4,9.4,18,6,34,3,5,21,1,0,0.0124767656741208
37,0.4,47,1.3,8.5,23,7,51,3,4,9,1,0,0.0141805703904445
26,1.0,22,3.2,1.8,20,6,79,3,3,2,1,0,0.0140035089582149
30,0.4,27,2.7,16.6,40,6,61,4,4,12,0,1,0.0164104595692009
46,1.0,10,5.0,20.0,50,10,100,3,3,23,1,1,0.0001
37,1.0,20,3.9,10.3,46,5,85,1,3,5,0,1,0.0137615709206276
49,0.2,20,1.4,13.9,18,6,40,3,3,22,0,0,0.0001
50,1.0,10,5.0,20.0,50,10,10,1,1,0,1,0,0.0165378819980736
14,0.6,40,1.5,17.7,15,6,83,3,1,3,1,0,0.0165950978063719
10,1.0,10,1.0,20.0,12,2,12,5,5,0,1,0,0.0150804447162738
50,0.5,10,5.0,2.2,46,2,85,1,1,5,0,1,0.0165028121032131
33,0.1,50,5.0,9.1,42,6,100,5,1,23,1,0,0.0155892444064216
40,0.4,23,2.7,16.6,48,7,61,4,1,16,1,1,0.0143877440530319
25,0.7,27,1.2,2.1,49,6,94,1,1,3,1,0,0.0001
39,0.4,48,1.3,8.7,22,7,44,3,4,10,1,0,0.0147777655539102
49,1.0,10,1.0,20.0,18,6,10,3,5,0,1,0,0.0001
43,0.7,26,1.0,10.2,50,5,91,1,1,3,1,1,0.0124065762878976
46,0.6,39,1.5,9.1,42,3,74,4,3,6,1,1,0.0088238463040446
48,0.8,19,1.4,8.7,18,6,38,3,1,20,1,0,0.016601158321389
37,0.7,20,3.9,2.2,46,2,52,5,3,0,0,1,0.0001
34,0.6,38,1.6,8.3,43,6,18,4,1,22,1,0,0.0001
41,0.2,48,3.7,13.3,22,9,24,4,3,21,0,1,0.0001
50,0.7,10,3.5,13.3,32,10,10,1,2,0,0,1,0.0001
30,0.7,27,1.2,8.9,30,5,50,1,1,0,0,1,0.0164756681695192
10,1.0,10,5.0,20.0,50,10,100,5,1,22,1,1,0.0122240374975978
10,1.0,10,1.0,19.0,12,2,10,5,5,0,1,0,0.0156642252533994
50,0.7,11,5.0,20.0,50,10,52,5,1,0,0,1,0.0165883027528287
14,1.0,50,5.0,20.0,10,2,83,5,1,23,0,1,0.0164382133991457
50,0.1,10,1.1,1.0,50,10,95,5,1,0,1,1,0.0001
18,0.7,27,1.2,8.9,32,5,52,5,2,0,0,1,0.0001
49,0.1,50,5.0,19.6,10,2,95,5,5,1,0,0,0.0165264976062864
48,0.4,26,2.8,17.4,40,7,61,4,4,17,1,1,0.0083295658832087
50,0.7,10,1.2,8.9,50,10,11,1,1,4,1,1,0.0163963020183981
10,1.0,39,1.5,8.7,28,6,49,4,4,4,1,1,0.0078035138590039
28,0.1,10,4.8,10.9,50,6,63,5,3,12,0,0,0.0164446290777915
28,1.0,27,2.9,9.1,29,5,52,1,1,0,0,1,0.0001
14,0.7,40,1.5,18.3,15,6,82,3,1,3,1,0,0.0166373462812948
46,0.9,45,1.5,5.7,39,10,96,5,4,17,0,1,0.0001
49,0.1,10,1.4,9.3,18,10,100,3,1,0,1,0,0.0001
49,0.1,10,4.9,1.0,50,2,10,5,1,0,1,0,0.0001
33,0.6,39,1.5,17.2,13,6,83,4,1,3,1,0,0.0165823802333549
30,0.7,26,3.0,10.3,30,5,50,1,1,0,1,0,0.0165095029010611
38,1.0,10,5.0,20.0,29,6,49,4,1,8,1,1,0.0145774406931381
30,0.1,30,2.8,1.0,50,10,61,5,3,12,1,0,0.0001
23,1.0,18,3.4,2.1,19,6,80,3,3,3,1,0,0.0138836106275905
38,0.4,47,1.3,7.5,23,7,43,3,4,8,1,0,0.015001083696809
28,0.1,10,1.0,1.0,50,10,63,5,1,0,1,0,0.0164057207640276
25,1.0,10,3.2,2.1,19,10,79,1,3,3,1,0,0.0139971759960284
32,0.6,37,1.5,8.6,40,6,19,4,1,23,1,0,0.0001
49,0.2,47,3.6,9.3,18,9,22,4,1,21,1,1,0.0001
24,1.0,21,3.1,2.2,22,6,80,3,3,3,1,0,0.0138802747717808
50,1.0,38,1.5,8.9,27,2,51,4,4,0,0,1,0.0154372504963971
49,0.1,10,4.8,1.0,50,2,10,5,1,0,1,0,0.0001
43,1.0,27,3.2,2.1,19,5,79,1,3,4,1,0,0.0137496186245624
50,1.0,10,5.0,20.0,10,6,100,4,5,8,1,0,0.0104163282535055
49,0.4,27,2.8,15.7,40,7,56,4,4,18,1,1,0.0001
50,1.0,10,1.2,19.8,50,10,10,1,1,0,1,1,0.0151928196554331
37,1.0,11,4.9,20.0,25,6,46,4,1,7,1,1,0.0150790293187554
30,0.2,47,3.6,13.9,29,6,61,4,3,12,0,1,0.0164595772180486
43,0.7,27,1.3,8.0,50,5,93,1,1,4,1,0,0.0152541993040756
50,0.4,27,5.0,1.0,50,2,10,5,1,0,1,0,0.0001
17,0.6,17,1.2,17.6,12,2,85,3,1,2,1,1,0.0135538035895805
27,0.1,10,4.9,11.5,50,6,64,5,3,12,0,0,0.0001
37,1.0,10,3.9,1.3,46,2,85,1,3,5,1,1,0.0092279712447839
14,0.1,18,5.0,17.2,10,2,83,3,1,0,1,0,0.016544473632098
49,0.1,10,5.0,1.2,48,2,10,5,1,0,1,0,0.0001
50,1.0,10,5.0,20.0,50,10,10,1,1,0,1,1,0.0152108350185097
36,0.7,10,5.0,20.0,13,2,83,3,1,3,1,1,0.0136842561747848
50,0.1,10,2.7,1.0,40,7,10,4,1,16,1,0,0.0001
30,0.1,29,5.0,20.0,50,5,11,1,1,0,0,1,0.0164128075916518
19,0.1,15,1.1,7.3,33,4,32,4,2,6,1,1,0.0001
10,0.1,10,1.0,1.0,10,2,100,5,1,0,1,1,0.0001
37,1.0,20,5.0,1.3,50,2,85,1,3,22,0,0,0.0001
31,1.0,26,2.8,10.2,30,5,48,1,1,1,0,1,0.0001
35,0.4,45,1.2,8.2,22,7,49,3,4,9,1,0,0.0143059928008711
40,0.2,22,2.0,6.3,47,7,53,2,1,22,1,0,0.0165582859089575
18,0.7,27,3.5,8.9,32,5,52,5,1,4,0,1,0.0001
31,0.5,31,2.7,10.2,28,6,63,3,3,13,0,0,0.0161243919581589
47,0.4,16,2.8,6.1,20,3,71,3,3,6,1,1,0.0092492464500801
25,0.1,10,3.2,2.1,50,6,11,1,1,0,1,1,0.0156926706431447
28,0.1,10,4.9,10.9,50,6,63,5,3,11,0,0,0.0164538390177566
11,1.0,37,1.4,9.5,27,6,55,4,4,3,1,1,0.0071804566249563
18,1.0,11,5.0,13.3,32,4,10,5,5,0,0,1,0.0001
48,1.0,21,1.5,9.7,18,6,39,3,5,21,1,0,0.0120728562151026
50,0.7,27,1.1,3.4,49,5,92,1,1,5,1,0,0.015421880280232
46,0.1,15,3.0,5.5,10,3,83,5,3,0,1,0,0.0140795380759556
40,1.0,10,1.0,20.0,10,2,10,5,5,0,1,0,0.0001
10,0.1,50,5.0,20.0,10,2,100,5,1,0,0,0,0.016466833525447
25,0.7,21,1.2,8.9,19,6,94,1,3,4,1,1,0.0078318115077469
10,1.0,10,1.0,20.0,10,2,11,5,5,0,1,0,0.0001
50,1.0,50,5.0,20.0,10,6,47,5,1,0,1,1,0.0146978545465572
50,1.0,10,1.1,20.0,50,10,11,1,1,0,1,1,0.0152716754492479
50,0.4,28,2.6,17.4,40,7,63,4,4,16,1,1,0.0077926790025619
36,1.0,10,5.0,20.0,27,6,47,5,1,23,1,1,0.0149671159170288
47,0.7,26,1.2,3.7,50,5,95,1,1,5,1,0,0.01540746359271
42,0.1,47,5.0,1.0,24,9,10,5,1,0,1,0,0.0001
45,0.4,14,2.9,5.4,20,3,71,3,3,5,1,1,0.0096249956416271
45,0.7,28,1.2,8.9,50,5,93,1,1,4,1,0,0.0152388494482595
41,0.2,46,3.7,14.4,24,9,20,4,3,23,0,1,0.0001
14,0.8,18,1.4,17.5,15,2,83,3,1,3,1,1,0.0136786491316134
25,0.7,26,3.2,2.8,50,6,94,1,1,5,1,0,0.0158790057174564
41,0.2,20,1.9,6.0,48,6,54,2,1,20,1,0,0.0164866537788581
18,1.0,21,3.5,13.3,32,6,52,3,2,0,0,0,0.0164699846333889
13,0.6,40,1.6,16.8,11,6,85,3,1,3,1,0,0.0166151598372089
30,0.8,30,2.8,9.3,29,6,40,3,1,21,1,0,0.0165130844565347
10,1.0,38,1.2,8.3,27,6,50,4,4,5,1,1,0.0078014575070538
48,1.0,26,3.2,2.1,19,5,79,3,3,3,1,0,0.0138881217788655
49,0.4,27,1.4,16.6,40,6,61,4,4,16,1,1,0.0083290909763971
15,0.7,18,1.1,17.5,11,2,82,3,1,4,1,1,0.0139216781040394
30,0.5,30,2.7,8.7,30,6,60,3,3,12,0,0,0.0165167041326125
42,0.7,27,1.0,8.6,50,4,87,1,1,5,1,0,0.0157665098985395
36,0.4,10,1.3,7.9,27,7,47,3,1,8,1,0,0.0165090954317045
30,1.0,21,3.0,2.1,19,6,50,1,3,3,1,1,0.0096103926465948
48,1.0,18,1.5,8.3,16,6,47,3,5,21,1,0,0.012108006875925
19,0.7,12,3.4,14.4,32,4,52,5,2,0,0,1,0.0164702624917281
10,0.9,10,5.0,19.0,50,10,100,5,1,23,1,1,0.0122225930772702
50,0.1,10,4.9,1.0,50,2,12,5,1,0,1,0,0.0001
30,1.0,29,3.2,10.3,19,5,79,3,3,3,0,1,0.0160093691101414
12,0.7,39,1.6,17.1,14,6,88,3,1,2,1,0,0.0163780703689698
49,0.1,20,1.4,1.0,18,6,100,3,1,0,1,0,0.0001
30,1.0,27,3.0,10.9,32,5,54,1,1,0,0,1,0.0001
33,0.6,40,1.3,8.8,41,6,22,4,1,22,1,0,0.0001
50,0.4,25,2.7,17.3,39,7,60,4,4,16,1,1,0.0077943658943571
43,1.0,27,5.0,1.3,49,5,94,1,1,22,1,1,0.0001
36,0.4,46,1.1,7.7,22,7,50,3,4,10,1,0,0.0142796465876023
18,0.7,11,3.5,14.4,29,4,50,5,2,0,0,1,0.0001
50,0.2,10,5.0,1.0,50,2,10,2,1,21,1,0,0.0001
36,0.7,18,1.3,17.2,21,2,83,3,4,3,1,0,0.0120185443101814
28,0.5,31,2.8,9.2,28,6,64,3,3,13,0,0,0.0001
43,0.7,27,1.2,9.0,49,5,94,1,1,4,1,1,0.0122883561812134
40,0.1,23,1.9,10.9,50,7,55,5,3,21,0,0,0.0001
15,0.7,17,1.6,16.1,10,2,84,3,1,2,1,1,0.0136742541151678
50,1.0,10,5.0,1.3,50,10,11,1,1,0,1,1,0.0001
49,0.1,11,5.0,1.8,50,2,10,5,1,0,1,0,0.0001
38,0.5,21,4.0,2.5,47,2,84,1,3,5,0,1,0.0164354740486511
10,0.1,10,5.0,20.0,50,2,100,5,1,0,1,0,0.0161533616538455
48,0.8,19,1.4,9.5,20,6,41,3,1,20,1,0,0.0164836602656254
50,0.1,13,5.0,18.8,50,10,10,1,1,0,1,1,0.0157272215591462
50,0.4,50,5.0,7.9,10,7,47,5,5,8,1,0,0.0127009108966472
50,1.0,10,5.0,9.3,50,2,10,3,5,0,1,0,0.0001
25,0.7,26,3.2,2.8,19,5,94,1,1,3,1,0,0.0159194689846715
10,1.0,10,1.5,20.0,27,10,100,5,1,23,1,1,0.0001
26,0.1,10,4.8,11.6,50,6,62,5,3,12,0,0,0.0165110826565103
37,0.1,20,3.9,20.0,50,2,11,1,1,0,1,1,0.015716370349899
34,0.6,40,1.6,9.3,43,6,23,4,1,23,1,0,0.0165252431443585
10,0.9,10,1.0,20.0,10,2,10,5,5,0,1,0,0.0001
50,0.7,27,1.0,20.0,49,5,10,1,1,0,1,1,0.0156532885774193
14,0.6,39,1.5,9.1,42,2,83,4,1,3,1,0,0.0164220677888599
48,0.4,27,2.7,18.2,41,7,55,4,4,16,1,1,0.0071760314203042
26,1.0,20,3.1,2.0,19,6,79,3,3,4,1,0,0.0001
50,0.1,50,5.0,20.0,13,2,98,5,5,0,0,0,0.0160684964460604
48,1.0,21,1.3,9.6,19,6,41,3,5,21,1,0,0.012261987497786
18,0.7,11,3.5,9.0,32,5,52,1,2,0,0,0,0.0165134490917152
14,1.0,18,1.5,17.2,27,2,83,4,1,4,1,1,0.0137955555237565
49,0.2,20,1.4,13.9,18,9,40,4,1,22,0,0,0.0001
43,0.7,28,1.2,9.2,47,5,92,1,1,5,1,1,0.0124394404247038
46,0.4,46,3.0,5.5,21,7,74,3,4,6,1,0,0.0130182019371915
10,0.4,27,1.0,20.0,40,7,10,5,4,0,1,1,0.0001
18,0.7,11,1.1,13.3,50,4,90,1,2,0,1,0,0.0142606319965602
30,0.2,23,2.8,6.2,29,6,61,3,3,21,0,0,0.0164027533439412
14,1.0,50,5.0,20.0,10,2,100,5,5,0,1,0,0.010307121728496
41,0.7,11,3.5,13.3,32,5,52,1,2,0,1,0,0.0156825294262514
29,0.1,11,4.8,11.7,50,6,61,5,3,13,0,0,0.0164515698315084
33,0.4,39,1.3,9.1,42,6,47,4,4,8,1,0,0.0141058423093423
41,0.7,25,3.5,13.3,32,4,90,1,2,0,0,0,0.0153400193834744
26,0.1,12,5.0,12.1,50,6,58,5,3,12,0,0,0.0164300882423811
43,1.0,27,1.2,10.3,49,5,50,1,1,4,0,1,0.0001
36,0.1,50,5.0,20.0,10,6,100,5,1,0,1,1,0.0124693789416374
50,0.4,28,2.8,16.1,39,7,60,4,4,16,1,1,0.0077941907071758
30,0.5,20,3.0,2.2,30,5,50,1,3,0,0,1,0.0001
14,0.4,15,3.0,5.5,22,2,74,3,5,6,0,1,0.0001
50,1.0,21,1.6,9.8,19,6,41,3,5,20,1,0,0.0122607696816989
50,1.0,10,5.0,20.0,10,6,100,4,1,0,1,1,0.0120851264578495
24,1.0,20,3.0,2.3,19,6,78,3,3,4,1,0,0.0140126590509012
28,0.5,30,2.7,9.5,30,6,56,3,3,13,0,0,0.0001
14,0.6,39,1.5,9.1,13,6,21,3,1,3,1,0,0.0001
43,0.7,26,1.2,2.8,49,5,94,1,1,4,1,1,0.0125979637375558
49,0.1,10,5.0,1.0,50,2,40,5,5,21,1,0,0.0001
44,0.4,17,3.3,5.6,20,3,71,3,3,6,1,1,0.0092437613249517
50,0.7,25,1.1,20.0,50,10,90,1,1,0,1,1,0.0124003947344115
49,0.1,10,1.0,1.0,49,10,99,5,1,0,1,1,0.0001
14,0.6,18,1.3,17.2,42,6,21,4,1,23,1,1,0.0001
50,0.7,26,1.2,2.8,50,5,11,1,1,0,1,1,0.015696689003884
10,0.1,10,4.8,20.0,50,2,10,5,5,12,0,0,0.0001
14,0.7,19,1.2,17.1,12,2,79,3,1,2,1,1,0.0139270827104947
36,0.5,20,3.8,2.7,44,2,90,1,3,5,0,1,0.0164450140525168
26,0.2,47,4.8,11.6,50,6,22,5,3,22,0,0,0.0001
49,1.0,10,1.0,20.0,50,10,13,1,1,0,1,1,0.0152536345211057
14,0.6,40,1.6,17.6,13,6,86,3,1,2,1,0,0.0166383557584062
26,0.8,10,1.4,11.6,18,6,40,5,3,21,1,0,0.0153221909614816
50,0.4,15,5.0,5.5,22,3,100,5,3,0,0,0,0.0001
42,0.7,28,1.4,8.5,49,5,95,1,1,4,1,1,0.0122697892270799
49,1.0,20,1.3,9.4,17,6,39,3,5,21,1,0,0.01205903180775
25,0.5,20,3.2,2.1,19,6,79,1,3,3,0,1,0.0001
10,0.4,15,5.0,5.5,22,3,74,3,1,23,1,1,0.0142685381778072
50,0.4,26,2.7,16.8,41,7,56,4,4,15,1,1,0.0077929797325548
12,0.1,50,4.9,17.1,10,2,81,5,5,0,0,0,0.0164041405208322
27,1.0,20,3.2,2.5,20,6,78,3,3,2,1,0,0.013944731258609
50,1.0,27,1.4,16.6,40,7,61,3,5,21,1,1,0.0001
12,1.0,11,5.0,20.0,49,10,98,5,1,23,1,1,0.0122170464352873
41,1.0,21,1.1,2.1,19,5,79,1,1,4,1,0,0.0001
50,0.1,10,1.0,1.0,50,10,10,5,1,0,1,1,0.0001
14,0.4,15,1.5,5.5,22,6,74,3,1,3,1,0,0.0164734516205918
49,0.7,25,1.3,1.6,49,5,95,1,1,6,1,0,0.0001
49,0.2,47,1.4,9.3,18,9,22,4,1,21,0,1,0.0001
46,0.7,15,1.3,17.2,13,3,74,3,3,6,1,1,0.008818445103026
43,0.8,29,1.2,9.8,49,5,91,1,1,5,1,1,0.0122297165105318
50,0.1,10,5.0,1.0,50,2,10,5,1,0,1,1,0.0001
50,0.1,50,4.9,18.9,10,2,100,5,5,0,0,0,0.0164565673687176
49,1.0,10,5.0,1.0,50,10,17,1,5,22,1,0,0.0122015719363089
49,1.0,20,1.4,9.3,10,6,40,3,5,0,1,0,0.0001
10,1.0,39,1.4,7.7,28,6,49,4,4,4,1,1,0.0078010015021525
41,1.0,21,1.1,2.1,50,5,90,1,3,3,1,0,0.0127402890251604
10,1.0,10,1.2,19.7,10,2,10,5,5,0,1,0,0.0001
14,1.0,10,5.0,17.2,27,2,83,4,1,8,1,1,0.0134983913000651
43,1.0,13,5.0,19.4,18,10,32,1,1,5,0,0,0.0001
30,1.0,30,3.1,10.3,28,5,46,1,1,0,0,1,0.0164773910257479
14,0.1,50,4.9,17.6,12,2,85,5,5,1,0,0,0.0164239483477366
41,0.2,24,1.8,6.1,48,7,59,2,1,22,1,0,0.0165595111121974
48,0.7,27,1.0,2.5,50,5,95,1,1,6,1,0,0.0155187660928011
50,0.7,50,1.3,20.0,10,2,83,3,5,3,1,0,0.0105803425949808
50,0.1,10,2.7,1.0,50,2,10,4,1,0,1,0,0.0001
49,1.0,10,5.0,1.0,50,10,10,1,5,21,1,0,0.0001
50,0.7,18,5.0,20.0,10,2,100,5,5,0,0,0,0.0001
50,1.0,10,5.0,9.3,18,6,40,3,1,21,1,0,0.0165100545608818
49,1.0,10,1.0,20.0,49,10,10,1,1,0,1,1,0.0151668532854185
48,0.4,15,3.0,5.6,23,3,73,3,3,5,1,1,0.0096210250314067
40,0.5,30,1.9,6.2,29,7,55,2,3,12,1,0,0.0153547315413801
18,1.0,21,3.5,2.1,32,4,52,3,2,3,1,0,0.0001
12,0.6,38,1.6,17.2,14,6,83,3,1,3,1,0,0.0165320731516174
48,0.7,11,3.5,2.8,50,5,52,5,1,0,0,1,0.0165080444556612
50,0.4,26,2.9,16.7,40,7,61,4,4,15,1,1,0.0083285351104299
18,1.0,29,3.0,13.3,32,5,50,1,2,0,0,1,0.0165293326299191
47,0.4,15,2.8,5.3,23,3,76,3,3,6,1,1,0.0088035212441528
42,0.1,10,1.0,1.0,24,9,100,5,3,22,1,1,0.0071757915373103
50,0.5,20,3.9,2.2,50,2,85,1,1,5,0,1,0.0164602063891659
28,0.5,31,2.9,9.5,30,6,57,3,3,12,0,0,0.0001
45,0.4,17,3.0,5.3,24,4,72,3,3,6,1,1,0.0092297485636852
42,0.8,47,1.4,13.9,24,9,22,3,1,21,1,0,0.0001
34,0.6,38,1.4,8.7,44,6,18,4,1,23,1,0,0.0001
25,0.7,27,3.2,8.9,19,6,79,1,3,4,1,1,0.0092424356697301
50,0.1,10,1.0,1.6,50,10,100,5,1,0,1,1,0.0001
45,0.4,16,3.0,5.7,22,3,74,3,3,5,1,1,0.0096372797194052
40,0.7,25,1.0,8.3,50,5,91,1,1,4,1,0,0.0153111740222563
40,0.5,30,1.9,6.2,48,7,61,3,1,12,1,0,0.0165104863658598
45,0.4,14,3.2,5.8,22,3,70,3,3,7,1,1,0.009243144147395
25,0.7,26,3.2,2.1,19,6,79,3,1,3,1,0,0.0001
26,0.5,30,2.8,9.5,29,6,61,5,3,12,0,0,0.0165059588108602
18,0.7,10,3.4,12.9,32,4,51,5,2,0,0,1,0.0001
36,1.0,10,1.3,20.0,21,7,100,5,1,8,1,0,0.0150204518780303
38,0.2,24,1.9,5.0,46,7,57,2,1,20,1,0,0.0165441092237198
43,0.7,25,1.2,9.0,50,5,94,1,1,4,1,1,0.0122727560931738
10,1.0,10,5.0,19.2,50,10,100,5,1,23,1,1,0.012215495578999
43,0.1,10,1.0,1.0,25,9,100,5,3,22,1,1,0.0071757528304264
26,1.0,21,3.1,2.0,20,6,78,3,3,3,1,0,0.0001
46,0.4,16,3.1,5.7,21,3,69,3,3,6,1,1,0.0096265107112195
49,0.4,27,1.4,9.3,18,6,61,3,1,16,1,1,0.0145976244218803
49,0.1,50,5.0,19.9,10,2,98,5,5,0,0,0,0.0160587762084147
50,0.7,26,1.1,2.6,50,5,94,1,1,6,1,0,0.0156950675881371
40,0.2,24,2.0,6.1,50,7,56,2,1,21,1,0,0.01652814579009
35,1.0,12,1.3,19.4,20,7,98,5,1,8,1,0,0.0153820821097583
48,0.7,25,1.1,2.1,48,5,96,1,1,5,1,0,0.0001
26,1.0,10,1.0,20.0,50,2,10,5,5,12,0,0,0.0001
13,0.1,50,5.0,17.1,10,2,86,5,5,1,0,0,0.0164183861444048
50,0.7,25,5.0,20.0,50,10,90,1,1,4,1,0,0.0151372588158075
49,0.9,20,1.4,9.1,18,6,40,3,5,21,1,0,0.0126281388507883
15,0.1,50,5.0,17.5,10,2,83,5,5,0,0,0,0.0164364359338681
44,0.6,28,1.3,7.7,50,5,94,1,1,3,1,1,0.0124592233814829
10,1.0,12,1.0,20.0,12,2,11,5,5,0,1,0,0.0001
33,0.4,46,1.3,9.1,21,6,47,3,4,8,1,0,0.0141188980492606
17,0.7,11,3.6,12.8,33,4,52,5,2,0,0,1,0.0164345743630364
41,0.1,10,1.0,1.4,24,9,98,5,3,21,1,1,0.0071779767184369
49,0.1,50,5.0,20.0,10,2,100,5,5,0,0,0,0.0164518134290658
50,1.0,10,1.0,20.0,50,10,11,1,1,0,1,1,0.0152466609801849
26,1.0,10,4.8,20.0,10,2,10,5,3,0,0,0,0.0087976151800596
48,0.7,10,3.3,2.5,50,5,49,5,1,0,0,1,0.0001
12,0.6,19,1.0,17.2,14,2,83,3,1,3,1,1,0.0139215767018543
49,0.5,30,2.8,9.5,29,6,61,3,5,12,1,0,0.0116418319717299
40,0.7,26,1.0,8.5,50,5,92,1,1,2,1,0,0.015489779958808
37,1.0,10,1.4,19.6,22,7,100,5,1,8,1,0,0.015008584308828
50,1.0,10,2.7,16.6,10,7,10,5,5,0,1,1,0.0001
41,0.7,26,1.0,8.3,49,5,90,1,1,5,1,0,0.014779425471751
15,0.4,16,1.4,5.4,21,6,72,3,1,4,1,0,0.0133427998551673
50,0.1,27,1.0,16.6,24,7,100,4,3,22,1,1,0.0071819952524346
16,0.1,47,4.9,17.5,10,2,83,5,5,0,0,0,0.0164363223008933
37,0.7,20,1.2,2.2,50,2,94,1,3,5,1,1,0.0078140987211766
39,0.2,22,1.9,6.7,47,7,55,2,1,21,1,0,0.0165226552642807
48,0.1,50,4.9,19.5,10,2,100,5,5,0,0,0,0.0164511536044916
41,0.7,24,1.0,9.0,49,5,88,1,1,4,1,0,0.0158602550854563
42,0.8,47,1.4,13.9,24,9,22,4,1,21,1,1,0.0001
45,0.4,15,3.2,5.4,22,3,75,3,3,6,1,1,0.0088049179721325
48,0.1,26,1.2,2.8,50,10,11,1,1,5,1,1,0.0164007119379581
49,0.8,22,1.5,10.5,16,6,34,3,1,20,1,0,0.0001
35,1.0,11,4.8,20.0,27,6,48,4,1,7,1,1,0.014465194441833
48,0.1,26,1.2,2.8,50,5,94,1,1,5,1,1,0.0132379739470664
42,0.1,10,1.1,2.1,23,9,100,5,3,22,1,1,0.0071838097940525
37,1.0,10,5.0,20.0,27,6,47,4,1,7,1,1,0.0150660887086862
50,0.7,10,5.0,20.0,49,5,94,1,1,4,1,1,0.0120842621609482
14,0.1,50,5.0,17.5,11,2,86,5,5,0,0,0,0.0163989835041835
48,0.5,26,3.9,2.2,46,2,94,1,1,5,0,0,0.0001
49,0.5,20,1.4,9.3,29,6,61,3,3,21,1,0,0.0148258324578579
14,0.6,39,1.5,17.2,42,6,21,4,1,3,1,0,0.0001
48,1.0,10,1.0,20.0,50,5,52,1,1,0,0,1,0.0164291670167007
42,0.2,48,3.6,14.3,23,9,20,4,3,21,0,1,0.0001
37,1.0,29,3.9,2.2,30,5,85,1,3,0,0,1,0.0001
33,0.4,46,1.3,9.1,42,7,21,3,4,23,1,0,0.0165157166365474
26,0.4,27,2.7,16.6,40,6,61,5,4,12,1,0,0.0139620094019345
18,0.7,11,3.5,13.3,32,4,52,5,1,0,0,1,0.0164523819206929
14,0.1,50,5.0,16.6,10,2,86,5,5,0,0,0,0.0164171497670493
10,1.0,11,1.0,20.0,10,2,10,5,5,0,1,0,0.0156639676560619
36,0.5,20,3.9,3.2,45,2,86,1,3,5,0,1,0.0164219788227753
13,0.1,49,5.0,16.8,10,2,81,5,5,0,0,0,0.0164020247781987
49,0.1,20,1.4,9.3,18,6,40,3,1,21,1,0,0.016519441048877
46,0.7,25,1.3,3.7,49,5,96,1,1,6,1,0,0.0001
35,0.4,47,1.4,7.6,23,7,48,3,4,8,1,0,0.0145906684136125
37,0.7,20,3.9,2.2,46,2,85,5,1,0,0,1,0.0163934566211587
50,0.2,47,3.6,13.9,40,7,61,4,4,16,0,1,0.0164368534068095
35,1.0,10,1.2,20.0,21,7,100,5,1,7,1,0,0.0147842711136152
50,0.8,21,1.2,9.9,20,6,44,3,1,20,1,0,0.0165764897518025
48,0.7,26,1.2,8.9,49,5,94,1,1,4,1,1,0.0122713244016369
10,0.2,23,1.9,6.2,10,2,10,5,1,0,1,0,0.0001
14,1.0,18,1.3,19.4,20,2,98,3,1,8,1,1,0.0125887944983906
48,1.0,11,3.5,2.1,19,6,79,3,3,0,1,0,0.0136994996458142
10,1.0,11,1.0,18.8,11,2,10,5,5,0,1,0,0.0156639597777644
35,1.0,12,1.5,19.8,21,7,99,5,1,9,1,0,0.0152781884858048
48,0.7,27,1.2,2.8,49,5,94,1,1,4,1,0,0.015686283031764
48,0.1,50,4.9,20.0,10,2,96,5,5,0,0,0,0.0161025736709755
44,0.9,41,4.1,5.6,14,9,23,5,5,8,1,0,0.0132275292979876
18,0.7,11,3.5,12.6,31,4,51,5,2,0,0,1,0.0001
13,0.1,50,4.8,18.5,12,2,81,5,5,0,0,0,0.0001
49,0.1,20,5.0,9.3,50,2,10,3,1,21,1,0,0.0001
50,1.0,10,1.0,18.6,49,10,12,1,1,0,1,1,0.0152674266084047
27,0.1,10,4.8,10.4,50,6,61,5,3,12,0,0,0.0001
35,0.4,42,1.4,7.9,24,7,45,3,4,9,1,0,0.014426687129563
43,0.7,25,1.0,9.5,50,5,87,1,1,4,1,0,0.0158625025690866
30,0.5,31,2.9,9.6,30,6,60,3,3,12,0,0,0.0164678183652501
35,0.6,12,1.3,19.4,20,7,21,4,1,8,1,0,0.0001
50,0.5,20,5.0,2.2,50,2,85,1,1,0,1,1,0.0134954758136942
13,1.0,10,1.0,19.7,10,3,10,5,5,0,1,0,0.0001
14,0.4,39,1.5,7.9,21,6,47,3,4,8,1,0,0.0142298626449215
48,0.5,20,3.5,2.2,46,2,85,5,1,0,0,1,0.0164460906733454
42,1.0,10,1.0,20.0,10,2,22,4,3,0,0,0,0.0001
38,0.5,21,4.0,2.1,46,2,89,1,3,5,0,1,0.0001
33,1.0,10,4.9,20.0,28,5,44,4,1,7,1,1,0.0148803484991912
42,0.1,10,4.8,11.6,23,9,62,5,3,12,1,0,0.0154852624801458
16,0.1,50,4.6,17.2,10,2,83,5,5,1,0,0,0.0001
47,1.0,10,1.1,20.0,49,10,18,1,1,0,1,1,0.0001
49,0.4,27,2.7,9.3,40,7,40,3,4,16,1,0,0.0151600768755199
35,0.4,45,1.1,8.4,22,7,51,3,4,8,1,0,0.0142429015760473
50,0.7,11,3.5,13.3,50,10,10,1,1,0,1,1,0.0156864163946294
20,0.6,11,3.3,12.4,30,4,58,5,2,0,0,1,0.0001
10,1.0,10,1.2,20.0,12,2,10,5,5,0,1,0,0.0001
13,0.1,50,5.0,17.8,11,2,85,5,5,1,0,0,0.0164217727798073
25,0.2,10,5.0,12.5,48,6,67,5,3,13,0,0,0.0001
33,0.6,38,1.5,8.6,44,6,21,4,1,23,1,0,0.0165251088615077
28,1.0,21,3.2,1.9,19,6,82,3,3,4,1,0,0.0139046275623876
30,0.5,28,2.9,9.9,31,5,58,3,3,11,0,0,0.0001
14,0.1,18,1.3,17.2,13,2,83,3,5,0,0,1,0.0001
42,0.7,28,1.1,8.6,50,5,85,1,1,3,1,0,0.0161622358920646
50,0.5,27,2.7,9.5,29,7,61,4,3,16,0,1,0.0165247143862733
35,0.7,12,1.3,19.4,13,2,98,3,1,8,1,0,0.0149831133987219
26,1.0,22,3.3,2.7,19,6,77,3,3,3,1,0,0.0139793961574723
50,0.2,27,3.6,13.9,24,9,22,4,4,16,1,1,0.0001
50,0.1,50,5.0,20.0,10,2,98,5,5,1,0,0,0.0160494491391371
30,0.5,31,2.9,8.6,28,6,63,3,3,13,0,0,0.0001
25,0.5,20,3.9,2.1,46,2,85,1,3,3,1,1,0.0088097132454743
14,0.4,15,3.0,5.5,13,3,74,3,1,3,1,0,0.0164575861897927
49,0.1,20,5.0,1.0,18,2,40,5,1,0,1,0,0.0001
43,0.7,27,1.2,13.3,49,5,52,1,2,4,1,1,0.012578903698282
50,0.4,50,1.5,5.5,10,2,100,3,5,3,1,0,0.0102700290569439
47,0.8,22,1.6,9.7,18,6,40,3,1,22,1,0,0.016506968760717
49,0.7,27,1.2,3.4,50,5,91,1,1,6,1,0,0.0151537569502884
14,0.4,18,1.3,17.2,13,7,47,3,1,3,1,0,0.0001
49,0.2,23,1.4,6.2,48,6,55,3,1,21,1,0,0.0165110836371329
25,0.7,21,1.2,2.1,49,6,79,1,1,4,1,1,0.0001
46,0.1,50,5.0,5.5,10,3,83,5,5,6,0,1,0.0164186227377308
30,0.5,20,3.0,2.2,46,5,50,1,1,5,0,1,0.0001
50,0.4,28,2.4,15.6,41,7,66,4,4,17,1,1,0.0077921833074811
34,1.0,14,1.4,20.0,17,7,99,5,1,7,1,0,0.0148770157304944
48,0.7,26,1.4,2.4,50,5,99,1,1,5,1,0,0.0001
49,0.1,20,4.8,11.6,50,6,40,3,1,12,1,0,0.0164582449219396
33,1.0,12,1.3,19.4,20,6,21,5,1,23,1,0,0.0001
25,0.7,21,1.2,2.1,19,6,79,3,3,5,1,0,0.0142459030168638
15,0.1,50,5.0,17.5,10,2,82,5,5,0,0,0,0.0164022236589637
42,0.4,27,2.7,13.9,24,7,22,4,4,22,1,1,0.0001
50,0.7,25,1.0,9.0,50,5,10,1,1,0,1,0,0.0001
14,0.7,16,1.2,16.8,13,2,78,3,1,3,1,1,0.0136383495512985
42,0.2,47,1.1,13.9,23,9,100,4,3,22,1,1,0.0071829967873772
38,0.5,22,3.8,2.2,49,2,86,1,3,5,0,1,0.0164552282045994
41,0.1,30,4.1,12.6,19,10,39,1,5,0,0,1,0.0001
34,1.0,11,4.9,19.0,27,6,44,4,1,9,1,1,0.0147725990694227
19,0.7,11,3.4,13.2,32,4,54,5,2,1,0,1,0.0001
38,0.2,24,1.9,6.8,48,7,53,2,1,21,1,0,0.0165006062263061
34,1.0,17,2.6,13.0,46,2,34,2,5,10,1,0,0.0127477607571848
50,1.0,10,1.1,20.0,50,10,10,1,1,0,1,1,0.0151481695078166
16,0.4,16,1.4,5.3,24,6,69,3,1,3,1,0,0.0001
49,0.1,20,1.1,2.1,23,9,40,5,1,21,1,0,0.0001
41,0.7,26,1.0,8.9,49,5,90,1,1,5,1,0,0.0147745367155487
13,0.6,41,1.6,17.1,14,6,88,3,1,4,1,0,0.0164345912244824
41,0.1,12,1.1,2.1,22,9,100,5,3,23,1,1,0.007183119134405
48,0.7,25,1.2,3.0,50,5,96,1,1,5,1,0,0.0001
10,0.1,10,1.0,20.0,23,9,10,5,5,22,1,0,0.0001
14,0.4,15,3.0,5.5,22,3,74,3,1,3,1,0,0.0164405403965328
48,0.7,10,3.6,1.9,49,5,55,5,1,0,0,1,0.0001
48,1.0,29,3.5,10.3,30,5,50,1,1,0,0,1,0.0164426303281434
40,0.8,20,1.4,9.3,18,6,55,3,1,21,1,0,0.016513849856922
50,0.4,50,1.5,20.0,22,6,100,3,1,0,1,0,0.0148012414355275
18,0.7,26,3.5,13.3,50,5,52,1,1,0,1,1,0.0145730401648235
10,0.4,27,1.0,16.6,10,2,61,5,5,16,1,1,0.0001
36,0.1,50,1.3,20.0,10,7,47,5,4,0,1,0,0.0146403471661602
48,1.0,30,3.6,10.0,30,5,52,1,1,1,0,1,0.0001
14,0.1,50,1.5,17.2,13,6,83,3,5,0,0,0,0.0001
49,0.1,10,1.4,11.6,18,6,40,3,3,12,1,0,0.016538983292155
50,1.0,21,5.0,2.1,50,10,11,3,1,0,1,0,0.0001
14,1.0,10,5.0,5.5,22,6,47,3,1,3,1,0,0.016481619233299
10,0.1,10,1.0,2.1,10,9,10,5,5,0,1,0,0.0001
46,0.7,26,1.2,8.9,49,5,96,1,1,4,1,1,0.0122253325341856
14,0.4,18,1.5,17.2,13,6,83,3,1,3,1,1,0.0139338426564096
26,1.0,10,1.4,9.3,18,6,62,3,5,12,1,0,0.0114068444766065
42,0.7,28,1.2,8.3,50,5,97,1,1,3,1,1,0.0123936361633766
14,0.4,15,1.5,5.5,22,3,74,3,1,3,1,1,0.0144887341098151
48,0.7,26,1.2,2.8,32,5,94,5,1,5,0,0,0.0001
41,0.2,20,1.9,6.4,46,7,55,2,1,23,1,0,0.0165136536592445
48,0.7,11,3.5,13.3,50,4,52,5,2,0,0,1,0.0164024833928702
49,0.5,30,1.4,9.5,18,6,61,3,1,12,0,0,0.0164950995651424
36,0.1,50,1.3,7.9,21,7,47,5,4,0,1,0,0.0146265041764417
48,1.0,29,1.2,2.8,50,5,50,1,1,5,0,0,0.0001
44,0.2,48,3.6,13.9,24,9,20,4,3,22,0,1,0.0001
11,0.4,13,1.4,5.0,23,6,74,3,1,3,1,0,0.0164454682811232
48,1.0,10,3.5,20.0,50,10,10,5,1,0,0,1,0.0001
50,0.1,13,5.0,1.6,50,2,15,5,1,0,1,0,0.0001
48,0.7,11,1.2,2.8,50,5,94,1,1,5,0,0,0.0001
45,0.4,13,3.0,5.2,23,3,75,3,3,6,1,1,0.0088023716213376
11,1.0,10,1.0,19.7,11,2,10,5,5,0,1,0,0.0001
45,0.7,26,1.2,8.4,50,5,93,1,1,3,1,1,0.0124257613158315
50,0.1,50,5.0,20.0,11,2,98,5,5,0,0,0,0.0160437453150416
39,0.2,24,2.1,6.3,48,7,54,2,1,22,1,0,0.0164797312960767
50,0.1,50,5.0,17.2,10,2,100,5,5,0,0,0,0.0164428470124929
50,1.0,12,1.0,20.0,50,10,15,1,1,0,1,1,0.0157240413602811
33,0.6,39,1.5,8.7,42,6,22,4,1,23,1,0,0.0001
49,0.1,30,1.1,2.1,18,9,100,3,1,22,1,1,0.0001
26,1.0,20,3.3,2.2,20,6,80,3,3,4,1,0,0.0140120743737006
30,1.0,10,1.0,9.5,29,6,10,5,3,0,1,0,0.0164632704560347
36,1.0,11,1.2,19.3,21,7,100,5,1,8,1,0,0.0150739157472768
48,0.7,11,3.5,13.3,50,4,52,5,1,0,0,1,0.0164023121306461
50,0.5,30,1.4,9.5,40,7,61,4,1,16,0,1,0.0164796919863194
37,0.5,22,3.9,2.0,48,2,89,1,3,5,0,1,0.0001
36,0.4,15,1.5,5.5,22,7,74,3,4,8,1,0,0.012930747813242
30,1.0,10,1.0,9.5,29,6,61,3,3,0,1,0,0.0144272685029122
37,1.0,20,3.9,2.2,50,10,85,1,3,5,1,1,0.0092383855418875
13,0.7,17,1.3,16.4,14,2,85,3,1,4,1,1,0.0139006110482238
48,1.0,21,3.5,2.8,50,6,52,3,3,3,0,1,0.0001
39,0.2,24,1.9,6.3,48,7,56,2,1,23,1,0,0.0164904768569712
12,0.1,49,5.0,17.4,10,2,79,5,5,0,0,0,0.0164399918020073
17,0.8,13,3.7,13.1,32,4,53,5,2,0,0,1,0.0164256307341279
10,0.2,47,3.6,13.9,10,2,22,5,3,22,0,1,0.0001
12,0.4,16,1.4,4.3,20,6,76,3,1,3,1,0,0.0001
46,0.7,25,1.1,3.0,50,5,94,1,1,5,1,0,0.015746231086286
30,0.4,27,2.8,16.6,40,6,61,3,3,16,0,0,0.0164017747492859
14,0.7,20,1.2,16.6,13,2,83,3,1,3,1,1,0.0137792081112333
10,0.1,10,4.8,20.0,50,6,10,5,5,0,0,0,0.0001
18,0.5,11,3.5,13.3,32,2,52,5,3,5,0,1,0.0001
33,0.4,39,1.5,5.5,22,6,21,4,1,3,1,0,0.0001
30,1.0,28,2.9,10.7,30,5,51,1,1,0,0,1,0.0164124381218835
43,0.1,11,1.3,2.1,24,9,91,5,3,23,1,1,0.0077924274583488
46,0.4,16,3.1,5.5,22,3,76,3,3,6,1,1,0.0088019085676148
31,1.0,30,2.9,9.8,31,5,56,1,1,1,0,1,0.0001
43,0.2,47,3.5,14.4,24,9,24,4,3,22,0,1,0.0001
37,0.1,10,5.0,2.2,46,2,11,1,3,5,0,1,0.0001
33,1.0,12,1.5,9.1,42,7,98,4,1,23,1,0,0.0148470299418323
49,1.0,20,1.0,9.3,18,6,10,3,5,0,1,0,0.0001
48,0.7,11,3.5,2.8,50,4,94,1,1,0,0,1,0.0001
16,0.7,17,1.3,17.7,14,2,83,3,1,3,1,1,0.0137858602847284
30,0.2,27,2.8,16.6,40,6,61,3,3,16,0,1,0.016445447591363
49,1.0,28,3.3,9.3,28,5,49,1,1,0,0,1,0.015425727061604
50,0.4,15,1.5,5.5,10,2,100,5,5,3,0,0,0.0164238099670807
37,0.5,20,3.9,1.3,45,2,80,1,3,5,0,1,0.0001
49,1.0,22,1.3,9.3,17,6,38,3,5,21,1,0,0.0120517929166688
35,0.5,20,3.8,2.0,44,2,89,1,3,5,0,1,0.0001
36,1.0,46,1.3,20.0,27,6,47,3,1,8,1,0,0.0159038657992193
11,0.9,13,3.3,18.3,24,4,67,4,1,6,0,0,0.0001
18,1.0,11,3.5,13.3,50,4,52,5,2,0,0,1,0.0001
42,0.2,23,1.9,6.2,24,7,22,4,1,22,0,0,0.0001
14,0.4,39,1.5,5.5,13,6,83,3,1,3,1,0,0.0165499310897091
37,0.5,18,3.8,1.4,46,2,90,1,3,6,0,1,0.0163989183503835
26,0.9,20,1.4,11.6,50,6,40,5,3,12,0,0,0.0001
35,0.1,12,5.0,19.4,20,7,98,5,1,8,1,0,0.0156125825090733
43,0.1,27,1.2,20.0,49,10,94,1,1,4,1,1,0.0122673732457554
49,0.5,30,1.4,9.5,29,6,40,3,5,12,1,0,0.0136408186474943
14,0.4,46,1.3,7.9,21,7,83,3,4,8,0,0,0.0001
50,1.0,10,1.0,20.0,50,9,10,1,1,0,1,1,0.0151329272315951
26,0.1,11,4.8,12.5,50,6,59,5,3,12,0,0,0.0001
15,0.7,17,1.3,17.4,12,2,86,3,1,3,1,1,0.0133894518160994
45,0.7,27,1.2,8.3,49,5,92,1,1,4,1,1,0.0125990372716027
11,1.0,10,1.0,20.0,10,2,10,5,5,0,1,0,0.0001
50,1.0,10,5.0,20.0,27,2,47,5,1,8,1,0,0.0164388589528178
48,0.7,26,1.2,2.8,50,5,52,5,1,0,1,0,0.0164229840431543
26,0.1,10,4.8,11.8,50,6,62,5,3,12,0,0,0.0164756285927579
33,0.4,46,1.5,9.1,21,6,47,3,4,23,1,0,0.0138505237290524
50,0.1,10,5.0,19.2,50,10,11,1,1,0,1,1,0.0157602749643677
49,0.9,22,1.5,8.9,18,6,37,3,5,21,1,0,0.0116205527189545
23,0.8,13,3.7,1.8,23,10,78,4,4,12,1,1,0.0001
30,0.4,30,2.7,16.4,38,6,62,3,3,16,0,0,0.0001
49,0.7,25,1.0,3.1,50,5,92,1,1,5,1,0,0.0154278783600072
33,0.7,39,1.3,9.1,13,2,83,3,1,23,1,0,0.016439117345583
28,0.5,32,2.8,8.7,29,6,62,3,3,13,0,0,0.0001
37,0.7,20,3.5,2.8,50,2,52,5,3,0,0,1,0.0164130822397104
50,0.6,39,5.0,20.0,13,2,83,5,1,3,0,0,0.0164084202594713
10,1.0,10,1.0,20.0,10,2,10,5,5,1,1,0,0.0155836685875088
50,0.7,10,1.0,8.9,49,10,94,1,1,4,1,1,0.0120734563933463
33,0.1,50,5.0,9.1,10,2,21,5,5,0,1,0,0.01640383183293
10,1.0,11,1.2,20.0,10,2,14,5,5,0,1,0,0.014156325479418
47,0.7,26,1.2,2.7,50,5,95,1,1,5,1,0,0.015544474042422
36,0.1,46,1.3,17.2,21,7,83,5,5,0,0,0,0.0001
42,0.5,30,3.6,9.5,29,6,61,3,3,12,0,1,0.0164805190868574
18,0.7,12,3.5,12.5,32,4,50,5,2,0,0,1,0.0001
42,0.5,30,2.8,9.5,24,9,61,3,3,22,0,1,0.0001
14,1.0,10,5.0,20.0,13,2,83,3,1,8,1,1,0.0134901251487595
18,0.7,11,3.5,13.3,50,4,52,5,1,0,0,1,0.0164268362545948
30,0.4,30,2.8,9.5,29,6,61,3,3,16,0,0,0.0164001511683204
36,0.5,20,3.9,1.8,44,2,87,1,3,5,0,1,0.0164052202577894
36,1.0,12,1.3,19.3,18,7,99,5,1,7,1,0,0.0149518911745767
31,0.4,26,2.9,16.8,42,6,61,3,3,16,0,0,0.0163998198623665
50,0.5,10,5.0,20.0,50,10,11,1,3,0,1,1,0.0001
37,0.4,45,1.3,7.5,23,7,48,3,4,9,1,0,0.0145197289834326
30,0.2,23,2.8,9.5,29,6,61,2,3,12,0,0,0.0164743973454009
49,1.0,11,1.0,19.4,50,10,13,1,1,1,1,1,0.0001
35,0.4,15,1.5,5.5,22,7,98,3,1,8,1,0,0.0150555452470078
49,0.5,20,1.4,9.1,29,6,61,3,5,12,1,0,0.0116284238959761
36,0.5,21,3.6,1.1,46,2,85,1,3,6,0,1,0.0145670767077699
14,0.6,50,1.5,17.2,13,2,83,5,1,0,1,0,0.0164694759483608
47,0.7,11,3.5,3.5,50,5,53,5,1,0,0,1,0.0001
31,0.4,28,2.8,16.9,42,6,61,3,3,16,0,0,0.0164007542210626
47,1.0,29,3.6,9.1,30,5,49,1,1,0,0,1,0.0154246806255624
30,0.4,27,2.8,16.6,29,6,61,3,3,16,0,0,0.0164040107916042
35,0.6,39,1.5,19.4,13,7,98,5,1,8,1,0,0.0001
48,0.7,10,3.6,2.8,50,5,51,5,1,1,0,1,0.0164362951695742
50,0.6,31,1.3,8.5,17,6,59,3,1,11,0,0,0.0001
14,0.1,50,5.0,20.0,10,2,100,5,5,0,0,0,0.0164390684143042
50,1.0,10,3.5,20.0,50,10,10,1,1,0,0,1,0.0001
41,0.2,48,3.5,13.5,25,9,27,4,3,23,0,1,0.0001
14,0.4,17,1.7,6.3,24,6,76,3,1,3,1,0,0.0001
48,1.0,11,3.5,2.8,30,5,52,5,1,0,0,1,0.0001
50,0.4,28,2.9,15.7,42,7,60,4,4,17,1,1,0.0077932977045366
18,0.5,11,3.5,2.2,32,4,52,1,3,5,0,1,0.0001
35,0.1,12,5.0,19.4,20,7,83,5,5,8,1,0,0.0108777464275459
26,0.5,10,1.4,9.5,50,6,61,5,3,12,0,0,0.0164607539794447
48,0.1,10,5.0,19.6,49,10,15,1,1,2,1,1,0.0001
35,0.4,12,1.3,19.4,20,7,47,3,4,8,1,0,0.0141063380821245
44,0.2,47,3.5,13.3,22,9,22,4,3,21,0,1,0.0164222159882664
50,0.1,11,5.0,19.9,50,10,13,1,1,1,1,1,0.0159964094572998
34,0.6,41,1.5,7.9,41,6,23,4,1,23,1,0,0.0164869257083296
41,0.2,23,1.9,6.0,48,7,61,2,1,20,1,0,0.01649494462552
16,0.7,11,3.4,13.4,35,4,53,5,2,0,0,1,0.0163959472548064
14,0.6,50,5.0,17.2,10,2,83,5,1,3,1,0,0.0162705282209936
30,0.1,30,2.8,11.6,50,6,62,3,3,12,0,0,0.0164537103675407
32,1.0,30,2.8,9.9,28,5,51,1,1,0,0,1,0.0164125258445535
50,0.4,15,1.5,5.5,10,2,74,5,1,0,0,0,0.0001
47,1.0,28,3.3,10.2,31,5,51,1,1,1,0,1,0.0160838533480152
38,0.3,22,2.0,6.9,47,7,59,2,1,22,1,0,0.0165138442853945
36,1.0,11,5.0,19.7,26,7,43,4,1,6,1,1,0.0150752909390378
43,0.7,26,1.3,9.1,50,4,96,1,1,5,1,1,0.0124091469890274
39,0.2,21,1.9,4.7,46,7,52,2,1,22,1,0,0.0164891469697722
34,1.0,13,1.4,20.0,20,7,100,5,1,9,1,0,0.0150588812168968
50,0.1,10,5.0,19.7,47,10,10,1,1,0,1,1,0.0156717587304696
24,0.1,10,4.9,10.1,49,6,62,5,3,12,0,0,0.0164059979496923
48,1.0,29,3.0,10.3,30,5,50,1,1,0,0,1,0.0164175691692744
14,0.7,18,1.4,16.3,13,2,84,3,1,3,1,1,0.0136551052979918
26,0.1,10,4.8,12.3,49,6,61,5,3,13,0,0,0.0164329523988874
37,0.1,11,3.9,2.2,46,10,13,1,3,1,1,1,0.0001
16,0.7,21,1.4,16.9,14,2,81,3,1,3,1,1,0.0142686261583261
49,0.4,26,2.8,16.3,39,7,65,4,4,16,1,1,0.0077919018827572
50,0.1,50,4.9,19.2,10,2,99,5,5,1,0,0,0.0160051287388265
48,0.8,21,1.6,9.5,17,6,40,3,1,21,1,0,0.0164875754750111
27,1.0,22,3.0,2.1,20,6,76,3,3,4,1,0,0.01414107235472
14,0.1,48,5.0,16.8,10,2,77,5,5,0,0,0,0.0001
49,0.2,47,3.6,9.5,18,6,61,3,3,12,0,0,0.0001
37,1.0,29,3.9,10.3,30,5,50,1,3,0,0,1,0.0164318296741097
18,1.0,29,3.5,10.3,30,5,52,1,1,0,0,1,0.0001
14,0.4,39,1.5,17.2,13,6,74,3,1,3,1,0,0.0001
49,0.2,20,1.9,6.2,48,7,55,3,5,21,1,0,0.0120373384021151
13,0.6,39,1.7,17.3,14,6,76,3,1,3,1,0,0.0001
50,0.7,10,3.5,2.8,50,5,52,1,1,0,1,1,0.0147786976514208
26,0.5,10,1.4,11.6,50,6,61,5,3,12,0,0,0.0164547469630681
49,0.5,30,1.4,9.5,18,6,61,3,3,12,0,0,0.0164820949422793
14,0.7,18,1.4,17.2,13,2,85,3,1,3,1,1,0.0135210470176845
43,1.0,29,1.2,10.3,30,5,94,1,3,0,1,1,0.0078091369835928
30,0.4,30,2.8,16.6,40,6,61,3,3,16,0,0,0.0164008505790717
31,0.6,39,1.3,9.6,42,6,20,4,1,23,1,0,0.0164956692215688
50,0.1,10,1.0,19.9,50,10,10,1,1,0,1,1,0.0156606139168534
43,0.2,48,3.5,14.4,24,9,25,4,3,21,0,1,0.0001
36,1.0,10,5.0,19.6,27,6,49,4,1,9,1,1,0.0146733088941856
36,0.5,21,3.8,2.3,46,2,83,1,3,4,0,1,0.0164146432654663
25,0.1,11,4.7,10.7,50,6,62,5,3,12,0,0,0.0164694395227726
18,0.7,11,3.6,13.2,32,4,52,5,2,0,0,1,0.0164232195223027
14,0.4,18,1.5,17.2,22,6,83,3,1,3,1,0,0.0165098691746423
49,0.9,21,1.2,9.5,18,6,42,3,5,21,1,0,0.0126067005465491
43,0.7,11,1.2,13.3,49,5,94,5,2,0,0,1,0.016248949587711
36,0.7,46,1.3,17.2,13,2,83,3,4,8,1,0,0.0118220260712443
10,0.8,10,1.4,20.0,10,6,40,3,1,21,1,0,0.0001
43,1.0,10,1.0,8.9,50,10,94,1,1,0,1,1,0.0124144611162162
33,0.1,50,1.5,9.1,10,2,21,4,5,23,0,0,0.0001
40,0.5,30,1.9,9.5,18,6,55,3,1,12,0,0,0.0001
46,1.0,30,3.0,11.5,33,5,47,1,1,0,0,1,0.0153320681419708
13,0.7,19,1.4,16.9,13,2,84,3,1,4,1,1,0.0140326586704672
47,1.0,28,3.0,10.0,29,5,48,1,1,0,0,1,0.0147794269934205
10,0.9,20,1.4,20.0,18,2,10,3,5,21,1,0,0.0154224936171213
43,1.0,27,3.0,8.9,49,5,50,1,1,0,0,1,0.0164091181566283
50,0.5,29,1.2,10.2,18,6,62,3,1,12,0,0,0.0001
36,1.0,11,4.8,19.7,27,6,47,4,1,8,1,1,0.0149703458369967
47,0.7,14,3.5,2.7,49,5,55,5,1,0,0,1,0.0001
30,0.5,32,2.6,9.3,29,6,64,3,3,13,0,0,0.0001
50,0.4,15,3.0,5.5,22,2,100,3,5,0,1,0,0.0105684084459245
43,0.5,27,3.9,2.2,49,2,85,1,1,4,1,1,0.0140069337158579
49,1.0,10,1.0,20.0,18,6,10,5,5,21,1,0,0.0156683830965389
47,0.4,13,2.9,4.7,25,3,75,3,3,6,1,1,0.0088006016420046
46,1.0,29,3.0,10.2,30,5,51,1,1,1,0,1,0.0160835939769053
25,0.1,10,4.6,11.0,50,6,54,5,3,12,0,0,0.016431352428392
37,0.5,19,3.8,1.9,46,2,84,1,3,5,0,1,0.0164033086693288
35,0.6,12,1.3,19.4,20,6,98,3,1,3,1,0,0.0150137027537969
39,0.2,23,1.8,5.8,49,7,53,2,1,20,1,0,0.0164770190801733
14,0.6,39,1.5,5.5,22,6,74,3,1,3,1,0,0.0001
44,0.7,28,1.1,8.4,50,5,98,1,1,5,1,1,0.0120065236333905
30,0.4,27,2.8,16.6,40,7,61,4,3,16,0,0,0.0164062317261251
35,1.0,29,3.9,11.1,31,5,51,1,3,0,0,1,0.0160822869675411
35,0.1,12,5.0,20.0,20,2,98,5,1,0,0,0,0.0161045378082929
30,0.2,47,2.8,13.9,29,6,61,3,3,22,0,1,0.0164334237312501
50,0.7,10,3.5,20.0,32,10,10,5,2,0,1,1,0.0001
35,0.1,12,5.0,19.4,10,7,98,5,5,8,1,0,0.0108839697668619
26,0.1,10,4.7,12.0,50,6,63,5,3,11,0,0,0.0164365091171871
38,1.0,30,3.6,10.7,29,5,52,1,3,0,0,1,0.0001
50,0.5,28,1.2,9.7,17,6,65,3,1,11,0,0,0.0001
36,1.0,12,1.5,19.5,19,7,94,5,1,9,1,0,0.015079369814561
36,1.0,29,3.9,10.7,32,5,52,1,3,0,0,1,0.0001
49,1.0,20,1.4,20.0,18,2,40,5,5,0,1,0,0.0001
48,1.0,28,3.6,9.8,31,5,50,1,1,0,0,1,0.0164312934434052
47,0.4,16,3.0,5.3,22,3,73,3,3,5,1,1,0.0096150611696007
41,0.2,48,3.5,13.3,26,9,21,4,3,21,0,1,0.0001
43,0.7,27,1.1,10.1,50,5,93,1,1,3,1,1,0.0124189056967309
14,0.1,50,5.0,17.2,10,2,100,3,1,0,0,0,0.0164356536442595
38,0.4,47,5.0,15.2,37,8,19,1,3,11,0,0,0.0001
14,1.0,50,1.3,17.2,20,2,98,5,5,8,0,0,0.0125696439383538
50,1.0,11,1.0,20.0,50,10,10,1,1,0,1,1,0.0151282610427775
30,0.1,10,4.8,11.6,40,6,62,5,3,16,0,0,0.0164665610722912
49,1.0,28,3.1,9.9,30,5,47,1,1,1,0,1,0.0153316065586
14,1.0,39,1.3,17.2,20,7,98,5,1,3,1,0,0.0149293734618251
37,1.0,20,3.0,10.3,46,5,50,1,3,0,0,1,0.0164102735696828
30,0.4,27,2.8,16.6,40,7,61,3,4,16,1,0,0.0135577674329834
35,1.0,12,1.2,20.0,20,7,100,5,1,8,1,0,0.0150453179251709
42,0.5,30,3.6,13.9,18,6,22,4,3,12,0,0,0.0001
48,1.0,30,3.4,10.6,31,5,54,1,1,0,0,1,0.0001
49,1.0,10,1.0,9.5,18,2,10,3,1,12,1,0,0.0001
14,0.4,15,1.5,17.2,10,6,83,5,1,3,1,0,0.0165366351958197
18,1.0,11,3.9,10.3,32,4,52,5,3,0,0,1,0.0164095098334823
50,1.0,10,3.5,20.0,30,10,50,1,1,0,0,1,0.0164684155670415
49,0.8,19,1.4,8.5,20,6,41,3,1,22,1,0,0.0164492553239899
35,1.0,12,1.3,19.1,19,6,100,5,1,8,1,0,0.0150271013793715
30,0.5,29,3.9,2.2,30,2,85,1,1,0,0,1,0.0164590631384986
32,0.5,31,2.6,9.5,30,6,67,3,3,12,0,0,0.0001
36,1.0,11,1.5,19.0,20,7,96,5,1,8,1,0,0.0155016479298169
48,1.0,29,3.0,10.0,29,5,48,1,1,0,0,1,0.0147789838632721
30,0.5,29,2.7,9.0,31,6,59,3,3,12,0,0,0.0001
50,0.6,39,5.0,20.0,13,6,100,5,5,0,0,0,0.0153884741316138
30,0.2,27,1.9,6.2,40,7,55,3,1,21,0,0,0.0001
44,0.7,28,1.1,8.7,49,5,87,1,1,4,1,1,0.0132250723664358
30,0.2,23,2.8,6.2,48,7,55,2,3,21,0,0,0.0001
30,1.0,29,1.0,10.3,50,10,10,1,1,0,0,1,0.0001
14,0.7,19,1.2,17.6,13,2,84,3,1,2,1,1,0.0136516856853654
46,1.0,29,3.5,10.4,31,5,49,1,1,0,0,1,0.0154239057456824
30,0.5,27,1.4,16.6,18,6,61,3,1,16,0,0,0.0164928328284616
12,0.4,15,1.6,5.5,21,6,74,3,1,3,1,0,0.0164455411280941
48,0.7,11,3.5,2.8,32,5,52,5,1,0,0,1,0.0164537345755924
49,0.9,20,1.4,9.3,18,6,40,3,1,21,1,0,0.0164668628023174
13,0.4,14,1.5,6.0,21,6,72,3,1,4,1,0,0.0133424403798382
48,0.7,11,3.5,3.3,50,5,54,5,1,1,0,1,0.0001
30,0.2,23,1.9,9.5,48,6,55,3,3,12,0,0,0.0001
36,0.6,46,1.5,17.2,13,6,47,3,1,8,1,0,0.0001
38,0.5,20,3.9,2.8,48,2,87,1,3,5,0,1,0.016408519545552
30,0.4,30,2.8,16.6,29,6,61,3,3,16,0,0,0.0164026121574677
48,1.0,29,3.5,10.3,32,5,50,1,1,0,0,1,0.0164297765634219
14,0.6,39,1.5,17.2,42,6,21,4,1,23,1,0,0.0164748342195142
43,0.7,35,1.4,1.0,11,5,37,4,1,18,1,1,0.0001
37,0.7,11,3.5,2.2,46,2,52,5,3,5,0,1,0.0163988412745441
14,1.0,50,5.0,17.2,27,2,47,5,1,0,1,1,0.0146957075648723
30,1.0,30,2.8,20.0,10,2,10,3,5,12,1,0,0.0001
50,0.7,10,3.5,20.0,50,10,10,5,1,0,0,1,0.0001
50,0.4,50,1.5,20.0,22,6,74,3,5,0,1,0,0.0113730537580139
50,0.4,30,1.5,9.2,19,6,64,3,1,13,0,0,0.0164734923297094
50,0.7,11,3.5,13.3,30,10,52,5,2,0,0,1,0.0164630801056117
50,1.0,11,3.4,19.7,30,9,49,1,1,0,0,1,0.0154237047011709
37,1.0,10,5.0,19.8,27,6,49,4,1,7,1,1,0.014571346498864
49,0.4,27,1.4,9.3,18,6,40,3,1,16,1,0,0.0164827364306226
31,0.5,17,1.4,5.0,24,5,58,5,3,11,0,1,0.0001
50,1.0,10,1.1,19.5,50,10,10,1,1,0,1,1,0.0151249037760564
14,0.1,50,5.0,17.2,22,2,83,5,1,0,1,0,0.0164552918314102
48,1.0,28,3.6,10.4,31,5,52,1,1,0,0,1,0.0001
50,0.8,21,1.5,9.4,16,6,43,3,1,21,1,0,0.0001
49,0.1,50,5.0,19.8,13,2,100,5,5,0,0,0,0.0164541970124482
37,0.5,21,3.9,3.3,44,2,85,1,3,4,0,1,0.0164135937273027
29,0.5,31,2.8,9.6,30,6,65,3,3,12,0,0,0.0001
23,0.9,13,2.1,19.8,33,10,71,1,2,18,0,0,0.011796703469765
12,0.6,17,5.0,10.1,44,10,24,2,3,4,0,0,0.0001
50,0.8,20,1.1,8.7,19,6,38,3,5,20,1,0,0.0124230641215113
35,0.1,12,1.3,19.4,10,2,100,5,5,0,1,0,0.0105715897105452
30,0.7,29,1.2,8.9,49,5,94,1,1,0,1,1,0.0124180381839026
49,0.8,19,1.2,9.4,19,6,39,3,1,20,1,0,0.0164782376164652
33,0.4,39,1.5,5.5,42,6,21,3,1,23,1,0,0.0164562665108085
50,0.5,20,3.5,20.0,46,10,50,1,1,0,0,1,0.0164039328190499
50,0.4,27,2.8,16.9,41,7,60,4,4,16,1,1,0.0077930150021809
14,0.4,46,1.5,7.9,21,7,47,3,1,8,1,0,0.0001
49,1.0,10,1.0,19.8,50,10,10,1,1,0,1,1,0.0151245276732993
48,0.9,22,1.5,8.5,18,6,41,3,5,21,1,0,0.0124210500758516
14,0.6,50,5.0,17.2,10,2,21,5,1,23,0,0,0.0001
18,1.0,11,3.5,20.0,50,10,10,5,1,0,1,1,0.0164823272884122
50,0.5,29,1.4,9.8,19,6,56,3,1,13,0,0,0.0001
44,0.4,15,2.9,5.2,21,3,77,3,3,6,1,1,0.0087996573632579
37,0.3,25,1.5,15.1,22,6,67,2,2,3,0,0,0.0001
10,0.9,10,1.4,9.1,10,2,10,5,5,21,1,0,0.0155932113128075
35,0.6,39,1.3,19.4,42,6,98,4,1,8,1,0,0.0152698232190108
25,0.6,42,2.7,1.2,48,4,59,3,3,19,1,1,0.0001
41,0.2,23,1.9,5.7,49,7,57,2,1,21,1,0,0.0164962387595214
37,1.0,10,1.0,20.0,50,10,10,1,3,5,0,1,0.0001
35,1.0,10,1.5,18.6,20,7,100,5,1,8,1,0,0.0149375596423089
50,0.7,11,3.5,20.0,30,4,52,1,1,0,0,1,0.0164535309602164
50,0.7,21,1.5,9.3,19,6,40,3,1,21,1,0,0.0164792288864081
12,0.4,14,1.7,5.3,21,6,75,3,1,2,1,0,0.0127265729236867
30,0.5,30,2.9,8.8,28,6,62,3,3,12,0,0,0.0001
44,0.7,27,1.2,9.5,48,5,96,1,1,4,1,1,0.0122164902492466
31,0.6,39,1.5,8.5,43,6,24,4,1,23,1,0,0.0165054468575955
30,0.5,30,2.9,9.2,30,6,59,3,3,11,0,0,0.0001
28,1.0,28,2.9,10.3,30,5,48,1,1,0,0,1,0.0001
14,0.7,19,1.3,16.5,13,2,84,3,1,3,1,1,0.013651049503136
31,0.5,30,2.7,10.2,29,6,64,3,3,13,0,0,0.0001
18,0.7,11,3.5,13.3,50,5,52,5,2,0,0,1,0.0164365708954964
49,0.4,28,1.3,9.2,17,6,33,3,1,15,1,0,0.0001
48,0.5,11,3.9,2.2,50,2,85,1,3,0,0,1,0.0164401796225515
15,0.6,39,1.4,16.8,14,6,82,3,1,4,1,0,0.016518825900018
50,1.0,11,3.7,20.0,30,10,48,1,1,0,0,1,0.0147784135677193
49,0.4,27,1.4,9.5,40,6,61,3,3,12,0,0,0.0164157123122984
46,0.7,18,1.3,17.2,13,2,74,3,3,3,1,1,0.0096268786711712
50,1.0,10,3.5,19.8,30,10,49,1,1,1,0,1,0.015423238819842
50,0.8,19,1.5,10.3,21,6,38,3,1,21,1,0,0.016471780981489
50,1.0,29,3.5,10.3,30,5,50,1,1,0,0,1,0.0164287427498818
45,0.4,16,2.9,4.8,22,3,71,3,3,6,1,1,0.0092231397835942
42,0.2,21,1.7,6.2,48,7,57,2,1,20,1,0,0.0165060997842519
37,1.0,20,3.9,2.2,46,5,85,1,3,5,0,1,0.0001
47,0.4,15,3.0,5.1,20,3,71,3,3,5,1,1,0.0096125938402157
49,0.2,30,1.4,9.5,18,9,22,3,3,22,0,1,0.0001
48,1.0,11,3.5,10.3,32,5,52,5,1,0,0,1,0.0001
30,0.1,10,4.8,9.5,29,6,62,5,3,12,0,0,0.0164066070120843
36,1.0,10,1.3,19.5,20,7,96,5,1,8,1,0,0.0154881196332839
43,0.7,26,1.3,9.3,50,5,91,1,1,4,1,1,0.0123885552966648
30,0.5,31,2.8,8.9,28,6,61,3,3,12,0,0,0.0164602312946249
48,0.7,11,3.5,2.8,34,5,54,5,1,0,0,1,0.0001
36,1.0,10,1.3,20.0,21,7,47,3,4,8,1,1,0.0083335620170923
38,0.2,23,2.1,6.5,48,7,56,2,1,19,1,0,0.0164767826428525
42,0.7,27,1.1,8.7,49,5,96,1,1,4,1,1,0.0122169624924653
33,0.1,39,5.0,9.1,42,6,21,5,5,23,1,0,0.016442713221708
48,0.8,20,1.6,8.7,19,6,39,3,1,22,1,0,0.0164733795089443
50,1.0,10,3.5,20.0,30,5,50,1,1,0,0,1,0.0164312481117335
33,0.1,50,5.0,9.1,10,6,83,5,1,0,1,0,0.0165582626335018
41,0.1,48,3.7,13.7,24,9,24,4,3,22,0,1,0.0001
48,0.5,20,3.9,10.3,46,5,85,1,1,0,0,1,0.0001
14,0.7,15,1.5,5.5,22,6,83,3,1,3,1,1,0.0137878886246077
17,0.7,13,3.4,14.3,33,4,52,5,2,1,0,1,0.0164312608893038
49,0.4,27,1.3,9.7,18,6,41,3,1,16,1,0,0.0164794858115474
50,1.0,10,1.2,20.0,50,10,10,1,1,0,1,1,0.0151207792199125
30,0.9,20,1.4,9.1,18,6,61,3,3,12,1,0,0.0147819021582998
12,0.4,15,1.7,6.0,21,6,74,3,1,4,1,0,0.0164617701276702
48,0.8,12,3.4,1.8,30,5,52,5,1,1,0,1,0.0001
11,1.0,10,1.0,20.0,10,2,13,5,5,0,1,0,0.0147819425076448
43,0.4,16,2.9,5.4,21,3,74,3,3,6,1,1,0.0088032627530973
45,0.7,27,1.1,8.7,49,5,92,1,1,5,1,1,0.0124094909210964
49,0.5,30,1.4,9.5,29,6,40,3,3,12,1,0,0.0161312492785992
13,0.7,19,1.2,16.8,13,2,78,3,1,3,1,1,0.013633047390506
30,0.7,29,3.0,10.3,30,5,94,1,1,0,1,1,0.012422248689871
25,0.8,35,4.7,18.7,30,8,98,3,4,4,1,1,0.0001
14,0.6,50,1.5,17.2,13,2,83,3,1,3,1,0,0.0163854483769227
49,0.7,11,3.5,2.6,31,5,51,5,1,1,0,1,0.0164059647711953
18,0.5,20,3.9,13.3,46,4,52,1,2,5,0,1,0.0164161902754626
30,0.9,27,1.4,16.6,40,6,61,3,5,16,1,0,0.0106061961232987
15,0.7,16,1.3,15.9,13,2,85,3,1,3,1,1,0.0135163449681613
28,0.7,39,1.0,7.4,18,8,98,2,5,16,0,0,0.0001
16,0.4,16,1.5,6.8,22,7,75,3,1,3,1,0,0.0001
30,0.5,30,2.8,16.6,40,6,61,3,3,12,0,0,0.0164491654638164
46,1.0,10,5.0,20.0,27,3,47,4,1,6,1,1,0.0149686044425488
26,0.8,10,4.8,11.6,18,6,40,3,3,21,1,0,0.0152539846519771
36,0.7,46,1.3,7.9,13,2,47,3,4,3,1,0,0.013799282416154
49,0.2,30,3.6,13.9,24,6,61,4,3,22,0,0,0.0001
12,0.4,16,1.6,5.3,21,6,70,3,1,3,1,0,0.0133449812035529
48,0.9,18,1.3,8.6,18,6,41,3,5,22,1,0,0.0124178962193419
36,1.0,11,4.9,20.0,28,6,49,4,1,8,1,1,0.0145709147167208
14,1.0,11,1.5,19.0,20,6,83,5,1,3,1,0,0.0162118250453133
33,0.7,39,1.3,9.1,13,6,21,4,1,23,1,0,0.0164570612425244
14,0.4,50,5.0,17.2,22,2,83,5,5,3,0,0,0.0164153791431366
36,0.4,11,1.5,19.0,20,6,74,3,1,8,1,0,0.0164854245130278
14,0.4,18,1.3,7.9,21,7,47,3,1,8,1,1,0.0001
36,1.0,13,5.0,19.6,30,6,57,4,1,9,1,1,0.0148059478311416
50,0.1,50,4.8,19.3,10,2,100,5,5,0,0,0,0.0164309927544919
36,0.6,11,1.5,19.0,42,6,21,5,1,8,1,0,0.0001
50,0.1,50,4.9,20.0,10,2,99,5,5,0,0,0,0.0159997120491979
14,1.0,39,5.0,20.0,13,6,47,4,1,3,1,0,0.0164798956023664
37,1.0,10,4.7,20.0,27,6,48,4,1,9,1,1,0.0001
50,0.1,48,5.0,20.0,10,2,100,5,5,0,0,0,0.0164302321952808
16,0.4,17,1.5,6.3,22,6,71,3,1,2,1,0,0.0130474903923913
36,1.0,10,1.5,18.8,18,7,97,5,1,9,1,0,0.0153907929709024
14,1.0,15,5.0,5.5,27,6,74,3,1,3,1,1,0.0142815036287187
14,0.4,50,1.5,5.5,22,2,74,5,5,3,0,0,0.0001
33,0.6,38,1.2,8.3,42,6,22,4,1,23,1,0,0.0001
36,0.1,46,1.3,20.0,21,7,47,5,5,0,0,0,0.0001
38,1.0,11,1.4,19.3,21,7,95,5,1,8,1,0,0.0148635763495872
46,0.4,15,1.5,5.5,22,3,74,3,3,3,1,0,0.0144713628900888
36,0.4,44,1.3,8.6,19,7,50,3,4,8,1,0,0.0143221171599362
14,0.1,15,1.5,5.5,22,2,74,5,5,3,1,0,0.0001
33,1.0,10,1.5,20.0,42,6,21,4,1,8,1,0,0.0001
33,0.4,46,1.5,9.1,42,6,21,3,4,23,1,0,0.0164713108179353
35,1.0,12,5.0,20.0,28,6,45,4,1,8,1,1,0.0001
36,0.4,46,1.3,7.9,20,7,96,5,4,8,1,0,0.0116431277191214
50,0.1,50,5.0,20.0,10,2,99,5,5,0,0,0,0.0159984857572311
46,0.1,50,5.0,5.5,22,2,74,5,3,0,1,1,0.0088057314493737
36,1.0,46,1.3,20.0,21,7,47,4,4,8,1,0,0.013952881249693
36,1.0,11,1.6,19.7,21,7,98,5,1,8,1,0,0.0152862790564163
46,0.1,50,3.0,17.2,10,3,83,5,3,0,1,1,0.00880094908780283
